Team_Season,Team,QB,RB,WR,TE,OL,Offense,IDL,EDGE,LB,S,CB,Defense,Season,W_PCT,Playoffs,SB,Cap,QB_P,RB_P,WR_P,TE_P,OL_P,IDL_P,EDGE_P,LB_P,S_P,CB_P,Defense_P,Offense_P,Dead_Open_Specials,W
Cardinals 2022,Cardinals,16348925,6213758,24621833,7121287,44681251,98987054,23503243,9842220,15369345,19606956,7124107,75445871,2022,0.235,0,0,208200000,0.078525096,0.029845139,0.118260485,0.034204068,0.214607354,0.112887815,0.047272911,0.073820101,0.09417366,0.034217613,0.362372099,0.475442142,0.162185759,4
Falcons 2022,Falcons,6303695,4894510,9535858,10678128,32848444,64260635,18104464,6077102,4917321,4468126,14033033,47600046,2022,0.412,0,0,208200000,0.030277113,0.023508694,0.045801431,0.051287839,0.157773506,0.08695708,0.02918877,0.023618256,0.02146074,0.067401695,0.228626542,0.308648583,0.462724875,7
Ravens 2022,Ravens,24100655,8179654,7616822,12307075,38678276,90882482,11195023,14877531,7852081,12066802,32103215,78094652,2022,0.588,1,0,208200000,0.115757229,0.039287483,0.036584159,0.059111792,0.185774621,0.053770524,0.071457882,0.037714126,0.057957743,0.154194116,0.37509439,0.436515283,0.188390327,10
Bills 2022,Bills,20230481,7299886,18982654,4501683,29350967,80365671,16458562,12078022,24091768,18151730,26310989,97091071,2022,0.813,1,0,208200000,0.097168497,0.035061892,0.091175091,0.021621916,0.140974866,0.079051691,0.058011633,0.115714544,0.087184102,0.126373626,0.466335596,0.386002262,0.147662142,13
Panthers 2022,Panthers,20461726,3829960,12882679,5253310,33291588,75719263,11405978,9462303,23312667,6802770,16752502,67736220,2022,0.412,0,0,208200000,0.098279183,0.018395581,0.06187646,0.025232037,0.15990196,0.054783756,0.045448141,0.111972464,0.032674207,0.080463506,0.325342075,0.363685221,0.310972704,7
Bears 2022,Bears,6917413,4900984,11115639,5756091,27473483,56163610,11799311,5649095,6862834,20336001,5518865,50166106,2022,0.176,0,0,208200000,0.033224846,0.023539789,0.053389236,0.027646931,0.131957171,0.056672963,0.027133021,0.032962699,0.097675317,0.026507517,0.240951518,0.269757973,0.489290509,3
Bengals 2022,Bengals,11332371,15533810,22298088,7324969,30652020,87141258,25457899,24666921,7997820,26928297,20293823,105344760,2022,0.75,1,0,208200000,0.054430216,0.074610038,0.107099366,0.035182368,0.147223919,0.122276172,0.118477046,0.038414121,0.129338602,0.097472733,0.505978674,0.418545908,0.075475418,12
Browns 2022,Browns,14942928,14503104,11614046,6171535,37805257,85036870,9433318,19071235,9826334,11808926,12414924,62554737,2022,0.412,0,0,208200000,0.071771988,0.069659481,0.055783122,0.029642339,0.181581446,0.045308924,0.091600552,0.047196609,0.056719145,0.059629798,0.300455029,0.408438377,0.291106595,7
Cowboys 2022,Cowboys,21325834,20945082,13438525,13499164,41380342,110588947,8309513,19438110,11775184,9347479,18798262,67668548,2022,0.706,1,0,208200000,0.102429558,0.100600778,0.06454623,0.064837483,0.198752843,0.039911206,0.09336268,0.05655708,0.044896633,0.090289443,0.325017041,0.531166892,0.143816066,12
Broncos 2022,Broncos,18082500,6405499,19436070,5262023,43074703,92260795,13772100,10635344,6989055,23249297,22834821,77480617,2022,0.294,0,0,208200000,0.086851585,0.030766085,0.093352882,0.025273886,0.206890985,0.066148415,0.051082344,0.033568948,0.111668093,0.109677334,0.372145134,0.443135423,0.184719443,5
Lions 2022,Lions,32219500,9162629,14045393,2328750,41941085,99697357,12747744,28277728,8275184,8925370,18071989,76298015,2022,0.529,0,0,208200000,0.154752642,0.044008785,0.067461061,0.011185159,0.201446134,0.061228357,0.135820019,0.039746321,0.042869212,0.0868011,0.36646501,0.47885378,0.15468121,9
Texans 2022,Texans,3856318,5480218,16068691,3710583,37408894,66524704,7425859,15929240,12683243,9515023,16819387,62372752,2022,0.206,0,0,208200000,0.018522181,0.026321892,0.077179111,0.017822205,0.179677685,0.03566695,0.076509318,0.060918554,0.045701359,0.08078476,0.299580941,0.319523074,0.380895985,3
Colts 2022,Colts,22163558,3818974,9081436,9255943,42356344,86676255,29095351,22019573,20698461,5299201,21899515,99012101,2022,0.265,0,0,208200000,0.106453208,0.018342815,0.043618809,0.044456979,0.203440653,0.139747123,0.105761638,0.099416239,0.025452454,0.10518499,0.475562445,0.416312464,0.108125091,4
Jaguars 2022,Jaguars,11319156,5232412,29108793,16652093,28354461,90666915,18616330,29701227,11848942,14816692,28605261,103588452,2022,0.529,1,0,208200000,0.054366744,0.025131662,0.139811686,0.079981234,0.136188573,0.08941561,0.14265719,0.056911345,0.071165668,0.137393184,0.497542997,0.435479899,0.066977104,9
Chiefs 2022,Chiefs,38825381,6354516,17174008,11542063,32124103,106020071,35145929,21080281,5261411,10692255,5600619,77780495,2022,0.824,1,1,208200000,0.186481177,0.03052121,0.082488031,0.055437382,0.154294443,0.168808497,0.101250149,0.025270946,0.051355692,0.026900187,0.373585471,0.509222243,0.117192286,14
Raiders 2022,Raiders,20418333,9227435,19243265,15179098,17819365,81887496,8277623,27221208,7958161,4938654,10529295,58924941,2022,0.353,0,0,208200000,0.098070764,0.044320053,0.092426825,0.07290633,0.085587728,0.039758036,0.130745476,0.038223636,0.02372072,0.050572983,0.28302085,0.3933117,0.32366745,6
Chargers 2022,Chargers,10283406,9875576,37838148,6820248,31772859,96590237,13777389,41335618,9663825,13289700,21839498,99906030,2022,0.588,1,0,208200000,0.04939196,0.047433122,0.181739424,0.032758156,0.152607392,0.066173818,0.198538031,0.046416066,0.063831412,0.104896724,0.479856052,0.463930053,0.056213895,10
Rams 2022,Rams,16649944,2816993,28497273,5474116,20272409,73710735,42719120,9516649,5686025,6950860,30915195,95787849,2022,0.294,0,0,208200000,0.079970913,0.013530226,0.13687451,0.026292584,0.09736988,0.205183093,0.045709169,0.027310399,0.033385495,0.148487968,0.460076124,0.354038112,0.185885764,5
Dolphins 2022,Dolphins,15532211,6283012,22148490,19623554,25147971,88735238,22072401,16107979,15828692,10737529,29180509,93927110,2022,0.529,1,0,208200000,0.074602358,0.030177771,0.106380836,0.094253381,0.120787565,0.106015375,0.077367815,0.076026378,0.051573146,0.140156143,0.451138857,0.426201912,0.122659232,9
Vikings 2022,Vikings,32714868,15003672,20983931,4284548,23308381,96295400,15474289,19943129,19514329,12077857,10659606,77669210,2022,0.765,1,0,208200000,0.157131931,0.072063746,0.100787373,0.020579001,0.111951878,0.074324155,0.095788324,0.093728766,0.058010841,0.051198876,0.373050961,0.462513929,0.16443511,13
Patriots 2022,Patriots,6453362,5591629,35197112,23907622,26861818,98011543,18729027,22426262,8224132,17181924,19990358,86551703,2022,0.471,0,0,208200000,0.030995975,0.026857008,0.169054332,0.114830077,0.129019299,0.089956902,0.107714995,0.039501114,0.082526052,0.096015168,0.415714232,0.470756691,0.113529078,8
Saints 2022,Saints,7103500,9824543,25618265,7923351,31639451,82109110,11178334,22420038,11770496,11076225,15450274,71895367,2022,0.412,0,0,208200000,0.034118636,0.047188007,0.123046422,0.038056441,0.151966623,0.053690365,0.107685101,0.056534563,0.053199928,0.074208809,0.345318766,0.394376129,0.260305106,7
Giants 2022,Giants,11387502,9341218,33814024,964500,29496146,85003390,22368816,11294138,3987964,7641916,15143232,60436066,2022,0.559,1,0,208200000,0.054695014,0.044866561,0.162411258,0.004632565,0.141672171,0.107439078,0.05424658,0.019154486,0.036704688,0.072734063,0.290278895,0.40827757,0.301443535,9
Jets 2022,Jets,14312222,4608666,25719256,8380587,46776978,99797709,20430097,33306114,10709069,8834308,16520137,89799725,2022,0.412,0,0,208200000,0.068742661,0.022135764,0.123531489,0.040252579,0.224673285,0.098127267,0.159971729,0.051436451,0.042431835,0.07934744,0.431314721,0.479335778,0.0893495,7
Eagles 2022,Eagles,5008230,5245906,13659798,6148811,37545173,67607918,30816368,21673435,6090121,5344794,17532680,81457398,2022,0.824,1,0,208200000,0.024054899,0.025196475,0.06560902,0.029533194,0.180332243,0.148013295,0.104099111,0.029251302,0.025671441,0.084210759,0.391245908,0.324725831,0.284028261,14
Steelers 2022,Steelers,10257801,5678067,15219777,3360462,18038971,52555078,35843671,27954767,16767187,13290212,16048278,109904115,2022,0.529,0,0,208200000,0.049268977,0.027272176,0.073101715,0.016140548,0.086642512,0.172159803,0.134268814,0.080534039,0.063833871,0.077081066,0.527877594,0.252425927,0.219696479,9
49ers 2022,49ers,22715235,3134553,15039393,10376509,29524154,80789844,18535038,25268938,16541317,17549904,14537091,92432288,2022,0.765,1,0,208200000,0.109102954,0.01505549,0.072235317,0.04983914,0.141806695,0.089025159,0.121368578,0.079449169,0.084293487,0.069822723,0.443959116,0.388039597,0.168001287,13
Seahawks 2022,Seahawks,5309222,9510195,23912230,7941161,23568919,70241727,24351722,16138952,10206077,18131252,7838060,76666063,2022,0.529,1,0,208200000,0.025500586,0.04567817,0.114852209,0.038141984,0.113203261,0.116963122,0.07751658,0.049020543,0.087085744,0.037646782,0.368232771,0.33737621,0.294391018,9
Buccaneers 2022,Buccaneers,15762231,7606106,25649717,6774488,36945947,92738489,16245569,13044679,26999723,6991080,16467478,79748529,2022,0.471,1,0,208200000,0.075707161,0.03653269,0.123197488,0.032538367,0.177454116,0.07802867,0.062654558,0.129681667,0.033578674,0.079094515,0.383038084,0.445429822,0.171532094,8
Titans 2022,Titans,39710700,11960977,14123712,6991640,29697377,102484406,16401876,27135472,8756546,14150405,11447369,77891668,2022,0.412,0,0,208200000,0.190733429,0.057449457,0.067837233,0.033581364,0.142638698,0.078779424,0.130333679,0.042058338,0.067965442,0.05498256,0.374119443,0.492240183,0.133640375,7
Commanders 2022,Commanders,32853576,5121964,28411119,9657546,35455377,111499582,20137963,17081969,9648261,6572800,15391044,68832037,2022,0.5,0,0,208200000,0.157798156,0.024601172,0.136460706,0.046385908,0.170294798,0.096724126,0.082045961,0.046341311,0.031569645,0.073924323,0.330605365,0.53554074,0.133853895,8
Packers 2022,Packers,32117878,7807590,12102936,9967867,31221736,93218007,22816924,18660198,9700624,15340635,15826881,82345262,2022,0.471,0,0,208200000,0.154264544,0.037500432,0.058131297,0.047876402,0.149960307,0.109591374,0.089626311,0.046592815,0.073682205,0.07601768,0.395510384,0.447732983,0.156756633,8
Cardinals 2021,Cardinals,11081777,4387168,22461209,10860784,38223833,87014771,17619203,33036833,17081727,11793083,5346723,84877569,2021,0.647,1,0,182500000,0.060722066,0.024039277,0.123075118,0.059511145,0.20944566,0.096543578,0.181023742,0.093598504,0.064619633,0.029297112,0.46508257,0.476793266,0.058124164,11
Falcons 2021,Falcons,29429000,3371749,12173921,10820907,28356946,84152523,28858522,13833204,10355974,5057903,8919054,67024657,2021,0.412,0,0,182500000,0.161254795,0.018475337,0.066706416,0.059292641,0.155380526,0.158128888,0.075798378,0.056745063,0.027714537,0.048871529,0.367258395,0.461109715,0.17163189,7
Ravens 2021,Ravens,4028597,7300004,14428685,10494617,26461996,62713899,32559525,9520273,8917743,7604949,31470976,90073466,2021,0.471,0,0,182500000,0.022074504,0.040000022,0.079061288,0.057504751,0.144997238,0.178408356,0.052165879,0.048864345,0.041670953,0.172443704,0.493553238,0.343637803,0.162808959,8
Bills 2021,Bills,12943981,4749059,22340141,2152750,32975145,75161076,21438386,24237883,23070184,13577981,13341560,95665994,2021,0.647,1,0,182500000,0.070925923,0.026022241,0.122411732,0.01179589,0.180685726,0.117470608,0.132810318,0.126411967,0.074399896,0.073104438,0.524197227,0.411841512,0.06396126,11
Panthers 2021,Panthers,11654685,8710326,16677314,4033313,21170301,62245939,14544720,11028902,10498344,8287077,19983381,64342424,2021,0.294,0,0,182500000,0.063861288,0.047727814,0.091382542,0.022100345,0.116001649,0.079697096,0.06043234,0.057525173,0.045408641,0.109497978,0.352561227,0.341073638,0.306365134,5
Bears 2021,Bears,15162197,6793142,23816178,9074724,18806298,73652539,26939624,29052430,14937106,8872500,6517421,86319081,2021,0.353,0,0,182500000,0.083080532,0.037222696,0.130499605,0.049724515,0.103048208,0.147614378,0.159191397,0.081847156,0.048616438,0.035711896,0.472981266,0.403575556,0.123443178,6
Bengals 2021,Bengals,9918102,11151410,20240018,8811429,25634500,75755459,24636551,18701932,6670520,11945326,32331140,94285469,2021,0.588,1,0,182500000,0.054345764,0.061103616,0.110904208,0.048281803,0.140463014,0.1349948,0.10247634,0.036550795,0.065453841,0.177156932,0.516632707,0.415098405,0.068268888,10
Browns 2021,Browns,17953574,12035178,18397436,16112858,48082696,112581742,4940321,18031468,8430221,10599169,16475385,58476564,2021,0.471,0,0,182500000,0.098375748,0.065946181,0.100807868,0.088289633,0.263466827,0.027070252,0.098802564,0.046192992,0.058077638,0.090276082,0.320419529,0.616886258,0.062694214,8
Cowboys 2021,Cowboys,19135600,9421449,33396526,8390452,33054614,103398641,7668124,31773423,11100359,5742020,15221629,71505555,2021,0.706,1,0,182500000,0.104852603,0.051624378,0.182994663,0.045975079,0.181121173,0.042017118,0.174100948,0.060823885,0.031463123,0.083406186,0.39181126,0.566567896,0.041620844,12
Broncos 2021,Broncos,7063475,12823198,15644823,5387629,27755031,68674156,10943846,12395715,10360250,13133496,28883123,75716430,2021,0.412,0,0,182500000,0.038703973,0.070264099,0.085725058,0.029521255,0.152082362,0.059966279,0.067921726,0.056768493,0.071964362,0.158263688,0.414884548,0.376296745,0.208818707,7
Lions 2021,Lions,14042071,5166911,5166732,6768589,30734194,61878497,10650670,28999584,6343876,6480559,11531638,64006327,2021,0.206,0,0,182500000,0.076942855,0.028311841,0.02831086,0.037088159,0.168406542,0.058359836,0.15890183,0.034760964,0.035509912,0.063187058,0.3507196,0.339060258,0.310220142,3
Texans 2021,Texans,22848835,8294192,11736292,5623184,29182608,77685111,9920959,6488018,13244544,13656590,13021581,56331692,2021,0.235,0,0,182500000,0.125199096,0.045447627,0.064308449,0.030811967,0.159904701,0.054361419,0.035550784,0.072572844,0.07483063,0.071351129,0.308666805,0.425671841,0.265661353,4
Colts 2021,Colts,22136113,6827157,16192231,10466191,43792546,99414238,29958645,11329895,13284980,5690631,17788830,78052981,2021,0.529,0,0,182500000,0.12129377,0.037409079,0.088724553,0.057348992,0.239959156,0.164156959,0.062081616,0.072794411,0.03118154,0.097473041,0.427687567,0.544735551,0.027576882,9
Jaguars 2021,Jaguars,8947733,6466686,14495851,6349550,51489049,87748869,12950289,18128257,17240543,6730468,14101980,69151537,2021,0.176,0,0,182500000,0.049028674,0.035433896,0.079429321,0.034792055,0.282131775,0.070960488,0.099332915,0.094468729,0.036879277,0.077271123,0.378912532,0.480815721,0.140271748,3
Chiefs 2021,Chiefs,9351714,5433901,22867909,9570894,18617755,65842173,18486165,29594317,15978427,23604868,9058130,96721907,2021,0.706,1,0,182500000,0.051242268,0.0297748,0.125303611,0.052443255,0.102015096,0.101294055,0.162160641,0.087553025,0.129341742,0.049633589,0.529983052,0.36077903,0.109237918,12
Raiders 2021,Raiders,25765000,10563364,5819855,8743209,32231713,83123141,11778821,18564836,19055704,6248290,9303864,64951515,2021,0.588,1,0,182500000,0.141178082,0.057881447,0.031889616,0.047907995,0.176612126,0.064541485,0.101725129,0.104414816,0.034237205,0.050980077,0.355898712,0.455469266,0.188632022,10
Chargers 2021,Chargers,8035281,8542094,34801898,7986554,32588937,91954764,19659580,25210644,8301664,7817229,22630464,83619581,2021,0.529,0,0,182500000,0.044028937,0.046805995,0.190695332,0.04376194,0.178569518,0.107723726,0.138140515,0.04548857,0.042834132,0.124002542,0.458189485,0.503861721,0.037948795,9
Rams 2021,Rams,21515000,6524693,15345744,8559019,19911195,71855651,24636263,10301210,2935466,4560477,17562194,59995610,2021,0.706,1,1,182500000,0.117890411,0.035751742,0.084086268,0.046898734,0.109102438,0.134993222,0.056444986,0.016084745,0.024988915,0.0962312,0.328743068,0.393729595,0.277527337,12
Dolphins 2021,Dolphins,11954381,5920953,38584072,10306584,16909929,83675919,13066824,11270090,9884867,12997394,34411144,81630319,2021,0.529,0,0,182500000,0.065503458,0.032443578,0.211419573,0.056474433,0.092657145,0.071599036,0.061753918,0.054163655,0.071218597,0.188554214,0.447289419,0.458498186,0.094212395,9
Vikings 2021,Vikings,33286933,7166003,14628459,4765830,18976157,78823382,15957772,17192697,23783390,10655965,12555136,80144960,2021,0.471,0,0,182500000,0.182394153,0.03926577,0.08015594,0.026114137,0.103978942,0.087439847,0.094206559,0.130319945,0.058388849,0.068795266,0.439150466,0.431908942,0.128940592,8
Patriots 2021,Patriots,4645686,5995321,17865475,15278024,29626483,73410989,9620537,17559662,22789047,20807958,20534652,91311856,2021,0.588,1,0,182500000,0.025455814,0.032851074,0.097893014,0.0837152,0.162336893,0.052715271,0.096217326,0.12487149,0.114016208,0.112518641,0.500338937,0.402251995,0.097409068,10
Saints 2021,Saints,4266117,8210277,14666168,11853791,29430260,68426613,8119313,16877510,11701382,19014778,8281114,63994097,2021,0.529,0,0,182500000,0.023375984,0.044987819,0.080362564,0.064952279,0.161261699,0.044489386,0.092479507,0.064117162,0.104190564,0.045375967,0.350652586,0.374940345,0.274407068,9
Giants 2021,Giants,8984088,14243098,17100319,13588566,30547004,84463075,17946070,6332731,11369889,16104871,20717406,72470967,2021,0.235,0,0,182500000,0.049227879,0.078044373,0.093700378,0.074457896,0.167380844,0.09833463,0.034699896,0.062300762,0.088245868,0.113520033,0.397101189,0.46281137,0.140087441,4
Jets 2021,Jets,7962377,3954009,29573413,6176082,45637619,93303500,18957019,17880400,16904572,15659946,6983190,76385127,2021,0.235,0,0,182500000,0.043629463,0.021665803,0.162046099,0.033841545,0.250069145,0.103874077,0.097974795,0.092627792,0.085807923,0.038264055,0.418548641,0.511252055,0.070199304,4
Eagles 2021,Eagles,2622691,3587095,10234216,5787910,38148853,60380765,21527711,16619103,5457482,5487108,15124292,64215696,2021,0.529,1,0,182500000,0.01437091,0.019655315,0.056077896,0.031714575,0.209034811,0.11796006,0.091063578,0.029904011,0.030066345,0.082872833,0.351866827,0.330853507,0.317279666,9
Steelers 2021,Steelers,29853066,5480165,8548274,6995881,15125238,66002624,23090770,10365229,11332162,7309930,21940345,74038436,2021,0.559,1,0,182500000,0.163578444,0.030028301,0.046839858,0.038333595,0.082878016,0.126524767,0.056795775,0.062094038,0.040054411,0.120221068,0.40569006,0.361658214,0.232651726,9
49ers 2021,49ers,33349156,8755882,9519367,7605421,29961607,89191433,21445797,25138133,7616028,9059886,12969437,76229281,2021,0.588,1,0,182500000,0.182735101,0.047977436,0.052160915,0.04167354,0.164173189,0.117511216,0.137743195,0.04173166,0.049643211,0.071065408,0.41769469,0.488720181,0.093585129,10
Seahawks 2021,Seahawks,33507500,8917195,12939419,6010177,26938287,88312578,9216698,11869192,24484624,11188515,6760542,63519571,2021,0.412,0,0,182500000,0.18360274,0.048861342,0.070900926,0.032932477,0.147607052,0.050502455,0.065036668,0.134162323,0.061306932,0.037044066,0.348052444,0.483904537,0.168043019,7
Buccaneers 2021,Buccaneers,13552013,7903400,27844841,11246722,32632000,93178976,18437066,20874895,14636136,6607793,10080486,70636376,2021,0.765,1,0,182500000,0.074257605,0.043306301,0.152574471,0.061625874,0.178805479,0.101025019,0.114382986,0.080198005,0.036207085,0.05523554,0.387048636,0.510569732,0.102381633,13
Titans 2021,Titans,12020333,15512770,9832138,7244014,41177168,85786423,10176787,10731638,10537795,18006045,11198678,60650943,2021,0.706,1,0,182500000,0.065864838,0.085001479,0.053874729,0.039693227,0.225628318,0.055763216,0.058803496,0.057741342,0.09866326,0.061362619,0.332333934,0.470062592,0.197603474,12
Commanders 2021,Commanders,13591944,3951831,11023030,7081381,43517622,79165808,20312747,13948471,10373793,22785858,22097770,89518639,2021,0.412,0,0,182500000,0.074476405,0.021653868,0.060400164,0.038802088,0.238452723,0.111302723,0.076429978,0.056842701,0.124854016,0.121083671,0.49051309,0.433785249,0.07570166,7
Packers 2021,Packers,30581060,6594753,25476456,6298940,25662744,94613953,14912057,30741794,3709686,12249104,10494161,72106802,2021,0.765,1,0,182500000,0.167567452,0.036135633,0.139597019,0.03451474,0.140617775,0.081709901,0.168448186,0.020327047,0.067118378,0.057502252,0.395105764,0.518432619,0.086461616,13
Cardinals 2020,Cardinals,9578101,10593827,23209798,5105235,29353069,77840030,12796580,32876967,18224888,6926444,25002424,95827303,2020,0.5,0,0,198200000,0.048325434,0.053450187,0.117102916,0.025757997,0.148098229,0.064563976,0.165877735,0.091952008,0.034946741,0.126147447,0.483487906,0.392734763,0.123777331,8
Falcons 2020,Falcons,21507782,9372815,26854214,3078558,35991007,96804376,17819198,14691090,13006119,17770690,7025458,70312555,2020,0.25,0,0,198200000,0.10851555,0.047289682,0.135490484,0.015532583,0.181589339,0.089905136,0.074122553,0.065621186,0.089660394,0.035446307,0.354755575,0.488417639,0.156826786,4
Ravens 2020,Ravens,5966788,8155745,12794229,8389562,21116613,56422937,27706314,25887415,7122223,6137220,36177351,103030523,2020,0.688,1,0,198200000,0.030104884,0.041149067,0.064552114,0.042328769,0.106541942,0.139789677,0.130612588,0.035934526,0.030964783,0.182529521,0.519831095,0.284676776,0.195492129,11
Bills 2020,Bills,8756449,5465493,34088188,10368680,38644130,97322940,21223086,31426602,16731863,16659474,20736847,106777872,2020,0.813,1,0,198200000,0.044179864,0.027575646,0.17198884,0.052314228,0.194975429,0.107079142,0.15856005,0.084419087,0.084053855,0.104625868,0.538738002,0.491034006,-0.029772008,13
Panthers 2020,Panthers,15601427,12031841,16714487,2979798,35976093,83303646,26270183,11266370,12158932,9916654,4327671,63939810,2020,0.313,0,0,198200000,0.078715575,0.060705555,0.084331418,0.015034299,0.181514092,0.132543809,0.056843441,0.061346781,0.050033572,0.021834869,0.322602472,0.420300938,0.257096589,5
Bears 2020,Bears,16294775,5188323,25075558,10102779,29765996,86427431,23369611,34953918,11570430,7673452,22163187,99730598,2020,0.5,1,0,198200000,0.082213799,0.02617721,0.126516438,0.050972649,0.150181615,0.117909238,0.176356801,0.058377548,0.038715701,0.111822336,0.503181625,0.43606171,0.060756665,8
Bengals 2020,Bengals,7882344,10305900,37184947,9965411,27247745,92586347,29271973,4182486,5961669,13144334,27676010,80236472,2020,0.281,0,0,198200000,0.039769647,0.051997477,0.187613254,0.050279571,0.137476009,0.147689067,0.021102351,0.030079057,0.066318537,0.139636781,0.404825792,0.467135959,0.128038249,4
Browns 2020,Browns,11937673,6893053,33178607,8176049,40583203,100768585,17914080,26132262,6861412,9671857,18075490,78655101,2020,0.688,1,0,198200000,0.060230439,0.034778269,0.167399632,0.041251509,0.204758845,0.090383855,0.131847941,0.034618628,0.048798471,0.091198234,0.396847129,0.508418693,0.094734178,11
Cowboys 2020,Cowboys,35728728,12355915,18148958,6554264,27902811,100690676,13356195,14629219,18552489,5243874,9660756,61442533,2020,0.375,0,0,198200000,0.180266034,0.062340641,0.09156891,0.03306894,0.140781085,0.067387462,0.073810388,0.093604889,0.026457487,0.048742462,0.310002689,0.50802561,0.1819717,6
Broncos 2020,Broncos,3938956,9025620,9316695,7139192,24536776,53957239,23618489,36419854,3752646,27037756,20138402,110967147,2020,0.313,0,0,198200000,0.019873643,0.045537941,0.047006534,0.036020141,0.123798063,0.119164929,0.183753047,0.018933633,0.136416529,0.101606468,0.559874606,0.272236322,0.167889072,5
Lions 2020,Lions,23776471,4561066,17671718,10449973,22917842,79377070,8469068,26497026,16088641,8317073,27875270,87247078,2020,0.313,0,0,198200000,0.119962013,0.023012442,0.089161039,0.052724384,0.115629879,0.042729909,0.133688325,0.081173769,0.041963032,0.140642129,0.440197164,0.400489758,0.159313078,5
Texans 2020,Texans,14334715,16353897,23107507,6027564,37592815,97416498,23019923,16478521,17873795,7768067,15354867,80495173,2020,0.25,0,0,198200000,0.072324495,0.082512094,0.116586816,0.030411524,0.189671115,0.116144919,0.083140873,0.0901806,0.039193073,0.077471579,0.406131044,0.491506044,0.102362911,4
Colts 2020,Colts,47105566,5629641,19415611,10806164,50913166,133870148,33864259,15097967,7983967,7437136,13393415,77776744,2020,0.688,1,0,198200000,0.237666831,0.02840384,0.097959692,0.054521514,0.25687773,0.170859026,0.076175414,0.040282376,0.037523391,0.067575252,0.392415459,0.675429606,-0.067845066,11
Jaguars 2020,Jaguars,2218968,4284150,13008642,7035664,34261623,60809047,9073262,10129711,24171380,6022218,15313716,64710287,2020,0.063,0,0,198200000,0.0111956,0.021615288,0.065633915,0.0354978,0.17286389,0.045778315,0.051108532,0.12195449,0.030384551,0.077263956,0.326489844,0.306806493,0.366703663,1
Chiefs 2020,Chiefs,7250503,5099201,36777928,12578400,36669047,98375079,18388976,27380548,21534268,23192615,7893856,98390263,2020,0.875,1,0,198200000,0.036581751,0.025727553,0.185559677,0.063463169,0.185010328,0.092779899,0.138146054,0.108649183,0.117016221,0.03982773,0.496419087,0.496342477,0.007238436,14
Raiders 2020,Raiders,31625000,8300028,18214691,15657398,53138925,126936042,13236548,18222524,16390125,20138076,8384032,76371305,2020,0.5,0,0,198200000,0.159561049,0.041877033,0.09190056,0.078997972,0.268107593,0.066783794,0.091940081,0.082694879,0.101604823,0.042300868,0.385324445,0.640444208,-0.025768653,8
Chargers 2020,Chargers,13077156,7122592,19513770,16077000,32040903,87831421,11318006,34806798,15450481,8080983,22250416,91906684,2020,0.438,0,0,198200000,0.065979596,0.035936387,0.098454945,0.081115035,0.16165945,0.057103966,0.175614521,0.077953991,0.040771862,0.112262442,0.463706781,0.443145414,0.093147805,7
Rams 2020,Rams,29742082,4617451,16494036,12714317,22942443,86510329,33835477,12064881,3154812,6219689,12460591,67735450,2020,0.625,1,0,198200000,0.150060959,0.023296927,0.083219152,0.064148925,0.115754001,0.170713809,0.060872255,0.015917316,0.031380873,0.062868774,0.341753027,0.436479965,0.221767008,10
Dolphins 2020,Dolphins,13738107,6048483,12934747,5150508,25769545,63641390,8882281,30184088,9679600,15602600,34531218,98879787,2020,0.625,0,0,198200000,0.069314364,0.030517069,0.065261085,0.025986418,0.130017886,0.044814738,0.15229106,0.048837538,0.078721493,0.174224107,0.498888935,0.321096821,0.180014243,10
Vikings 2020,Vikings,22173100,7162164,17888635,11517438,17340511,76081848,8975453,11670056,24254783,23730611,7944494,76575397,2020,0.438,0,0,198200000,0.111872351,0.036136044,0.090255474,0.058110182,0.087489965,0.045284828,0.058880202,0.122375293,0.119730631,0.040083219,0.386354173,0.383864016,0.229781811,7
Patriots 2020,Patriots,3605328,11650746,18385266,2423440,37449919,73514699,13774273,10921606,2456912,13468641,40532199,81153631,2020,0.438,0,0,198200000,0.018190353,0.058782775,0.092761181,0.012227245,0.188950146,0.069496837,0.055103966,0.012396125,0.067954798,0.204501509,0.409453234,0.3709117,0.219635066,7
Saints 2020,Saints,29615000,10071475,15770933,12818826,26828544,95104778,15509386,14776363,14017409,6835585,15982911,67121654,2020,0.75,1,0,198200000,0.149419778,0.050814707,0.079570802,0.064676216,0.135360969,0.078251191,0.07455279,0.070723557,0.03448832,0.080640318,0.338656176,0.479842472,0.181501352,12
Giants 2020,Giants,8405304,13923430,23880958,7419447,35630875,89260014,24137314,7290295,16794724,14908372,13037624,76168329,2020,0.375,0,0,198200000,0.042408194,0.070249395,0.120489193,0.037434142,0.179772326,0.121782614,0.036782518,0.084736246,0.075218829,0.065780141,0.384300348,0.450353249,0.165346403,6
Jets 2020,Jets,10741087,2359512,20094445,6041573,30068651,69305268,18519603,7043171,16895382,8641644,9088228,60188028,2020,0.125,0,0,198200000,0.054193174,0.011904702,0.101384687,0.030482205,0.151708633,0.093438966,0.035535676,0.085244107,0.043600626,0.045853824,0.303673199,0.349673401,0.346653401,2
Eagles 2020,Eagles,21452022,3762174,29943350,15435113,39993612,110586271,26475772,12152197,5348034,9032645,8624266,61632914,2020,0.281,0,0,198200000,0.108234218,0.018981705,0.151076438,0.077876453,0.201784117,0.13358109,0.0613128,0.026983017,0.045573385,0.043512947,0.310963239,0.557952931,0.131083829,4
Steelers 2020,Steelers,25787420,3152932,5904043,8917978,34322786,78085159,31946840,20928988,14097958,7531643,22491577,96997006,2020,0.75,1,0,198200000,0.130108073,0.01590783,0.02978831,0.044994844,0.173172482,0.161184864,0.105595298,0.07112996,0.038000217,0.113479198,0.489389536,0.393971539,0.116638925,12
49ers 2020,49ers,28656986,12651495,11274168,8237185,34553407,95373241,12427647,27179317,4658200,12992886,23135002,80393052,2020,0.375,0,0,198200000,0.144586206,0.063831963,0.056882785,0.041559965,0.17433606,0.062702558,0.137130762,0.023502523,0.06555442,0.11672554,0.405615802,0.481196978,0.11318722,6
Seahawks 2020,Seahawks,32063900,9951728,16222301,12094038,26646044,96978011,11979291,11274881,33886063,11699875,10554173,79394283,2020,0.75,1,0,198200000,0.161775479,0.050210535,0.081848138,0.061019364,0.134440182,0.060440419,0.056886382,0.170969036,0.059030651,0.053250116,0.400576604,0.489293698,0.110129697,12
Buccaneers 2020,Buccaneers,27556500,6969905,14576858,19792747,40217623,109113633,20612811,29946760,19483225,4118737,6385738,80547271,2020,0.688,1,1,198200000,0.139033804,0.035166019,0.073546206,0.099862497,0.202914344,0.104000055,0.151093643,0.098300832,0.020780711,0.032218658,0.4063939,0.550522871,0.043083229,11
Titans 2020,Titans,23182000,8686298,21162541,6544772,47116265,106691876,14054420,15690717,7625164,13109660,22134071,72614032,2020,0.688,1,0,198200000,0.116962664,0.043825923,0.106773668,0.033021049,0.237720812,0.070910293,0.07916608,0.038472069,0.066143592,0.111675434,0.366367467,0.538304117,0.095328416,11
Commanders 2020,Commanders,21143235,4636838,5094070,5735630,37529075,74138848,14842436,23435574,10601855,17618175,12168640,78666680,2020,0.438,1,0,198200000,0.106676261,0.023394743,0.025701665,0.028938597,0.189349521,0.074886155,0.118242048,0.053490691,0.088890893,0.061395762,0.39690555,0.374060787,0.229033663,7
Packers 2020,Packers,24645540,7058628,20521932,5301804,47239400,104767304,15375862,35768583,8225930,14695548,9592282,83658205,2020,0.813,1,0,198200000,0.124346821,0.035613663,0.103541534,0.026749768,0.238342079,0.077577508,0.180467119,0.041503179,0.074145045,0.048396983,0.422089834,0.528593865,0.049316302,13
Cardinals 2019,Cardinals,8296599,12140266,16674681,3588603,34014338,74714487,10667138,21964198,7709824,4786932,17466133,62594225,2019,0.344,0,0,188200000,0.044083948,0.064507258,0.088600855,0.019068029,0.180735058,0.056679798,0.116706684,0.040966121,0.025435345,0.092806233,0.332594182,0.396995149,0.27041067,5
Falcons 2019,Falcons,18063000,9484109,15332230,5258881,36609416,84747636,17244922,10698868,21102931,10218404,17012133,76277258,2019,0.438,0,0,188200000,0.095977683,0.050393778,0.081467747,0.027943045,0.194523996,0.091630829,0.056848395,0.112130345,0.054295452,0.090393905,0.405298927,0.450306249,0.144394825,7
Ravens 2019,Ravens,4187820,4647747,12405040,6811187,24600941,52652735,20449011,5276260,5177136,23587904,39039526,93529837,2019,0.875,1,0,188200000,0.022251966,0.024695786,0.065914134,0.036191217,0.130717009,0.108655744,0.028035388,0.027508693,0.12533424,0.207436376,0.496970441,0.279770112,0.223259447,14
Bills 2019,Bills,6713826,4562191,18785529,10198933,31194376,71454855,21159179,26135699,11160531,12774835,7549959,78780203,2019,0.625,1,0,188200000,0.035673889,0.024241185,0.099816838,0.054191993,0.165751201,0.112429219,0.138871939,0.05930144,0.067879038,0.040116679,0.418598316,0.379675106,0.201726578,10
Panthers 2019,Panthers,24395545,6283177,9197102,9028498,22616326,71520648,30399334,18490862,22276998,8586514,7357669,87111377,2019,0.313,0,0,188200000,0.129625638,0.033385638,0.048868767,0.047972891,0.120171764,0.161526748,0.098251126,0.118368746,0.04562441,0.039094947,0.462865978,0.380024697,0.157109325,5
Bears 2019,Bears,14055437,1792775,28561458,12492121,19864821,76766612,18306693,19067986,16116704,5683006,30304445,89478834,2019,0.5,0,0,188200000,0.074683512,0.009525903,0.151761201,0.066376838,0.105551652,0.097272545,0.101317673,0.085636047,0.030196631,0.161022556,0.475445452,0.407899107,0.116655441,8
Bengals 2019,Bengals,17389080,7753530,28740271,10882654,32697458,97462993,18381875,13617308,4597140,7071863,23542739,67210925,2019,0.125,0,0,188200000,0.092396812,0.041198353,0.152711323,0.057824942,0.173737821,0.097672024,0.072355515,0.024426886,0.037576318,0.125094256,0.357125,0.517869251,0.125005749,2
Browns 2019,Browns,11826075,3404034,35727967,6562380,36723539,94243995,11397361,24112662,14396593,15255977,21268697,86431290,2019,0.375,0,0,188200000,0.062837806,0.018087322,0.18984042,0.034869182,0.195130388,0.060559835,0.12812254,0.076496243,0.081062577,0.113011142,0.459252338,0.500765117,0.039982545,6
Cowboys 2019,Cowboys,2903516,7258235,23195205,6115957,52928659,92401572,16270733,24047890,14935984,5626954,11759970,72641531,2019,0.5,0,0,188200000,0.015427821,0.038566605,0.123247635,0.032497115,0.281236233,0.086454479,0.127778374,0.079362295,0.029898799,0.062486557,0.385980505,0.490975409,0.123044086,8
Broncos 2019,Broncos,6936162,4939853,4509420,7329076,26251247,49965758,19079701,32887968,7052588,11185503,19461415,89667175,2019,0.438,0,0,188200000,0.036855271,0.026247891,0.023960786,0.038943018,0.139485903,0.10137992,0.174750096,0.0374739,0.059434129,0.103408156,0.476446201,0.265492869,0.25806093,7
Lions 2019,Lions,31930059,2307429,17465459,6730065,27129944,85562956,15087044,9609031,15306901,5017157,23637112,68657245,2019,0.219,0,0,188200000,0.16966025,0.012260515,0.092802651,0.035760175,0.144154857,0.080164952,0.05105755,0.081333162,0.026658645,0.125595707,0.364810016,0.454638448,0.180551536,3
Texans 2019,Texans,7833793,12744125,27327533,3376502,26680848,77962801,24929692,18363703,9961506,11103156,19735855,84093912,2019,0.625,1,0,188200000,0.04162483,0.067715861,0.145204745,0.017941031,0.141768587,0.132463826,0.097575468,0.052930425,0.058996578,0.104866392,0.446832689,0.414255053,0.138912258,10
Colts 2019,Colts,11793235,2907359,31309352,14444000,29040221,89494167,6581313,31084855,4862403,9200559,21669013,73398143,2019,0.438,0,0,188200000,0.06266331,0.015448241,0.166362125,0.07674814,0.154305106,0.034969782,0.165169261,0.02583636,0.048887136,0.11513822,0.39000076,0.475526923,0.134472317,7
Jaguars 2019,Jaguars,13149963,9322496,13956013,5508925,32106212,74043609,27738114,7443609,12613248,6361198,24220950,78377119,2019,0.375,0,0,188200000,0.069872279,0.049535048,0.074155223,0.029271652,0.170596238,0.147386366,0.039551589,0.067020446,0.033800202,0.128697928,0.41645653,0.393430441,0.190113029,6
Chiefs 2019,Chiefs,9288808,6758058,25947032,12691900,30594087,85279885,7958341,13963072,11996608,14285030,9297683,57500734,2019,0.75,1,1,188200000,0.049356047,0.035908916,0.137869458,0.067438363,0.162561567,0.042286615,0.074192731,0.063743932,0.075903454,0.049403204,0.305529936,0.453134352,0.241335712,12
Raiders 2019,Raiders,25688481,8002165,14399349,5767514,40914105,94771614,5970975,10718493,8512658,19976408,9652415,54830949,2019,0.438,0,0,188200000,0.136495648,0.042519474,0.076510887,0.030645664,0.217396945,0.031726753,0.056952673,0.045231977,0.10614457,0.051288071,0.291344044,0.503568618,0.205087338,7
Chargers 2019,Chargers,27064655,6477550,23608026,7014216,37523591,101688038,8892283,29172771,11889408,7265608,12377117,69597187,2019,0.313,0,0,188200000,0.143807944,0.034418438,0.125441158,0.037270011,0.199381461,0.047249113,0.15500941,0.063174325,0.038605781,0.065765765,0.369804394,0.540319012,0.089876594,5
Rams 2019,Rams,11765577,12126193,26412655,4228642,31811467,86344534,30585660,17851822,6129397,9800904,11806937,76174720,2019,0.563,0,0,188200000,0.06251635,0.064432481,0.140343544,0.022468874,0.169030112,0.162516791,0.09485559,0.032568528,0.052077067,0.062736116,0.404754091,0.45879136,0.136454548,9
Dolphins 2019,Dolphins,7119898,1989719,21269506,2790180,10059484,43228787,7091738,4005733,5737573,30648047,17524815,65007906,2019,0.313,0,0,188200000,0.037831552,0.010572365,0.113015441,0.014825611,0.053451031,0.037681923,0.021284447,0.030486573,0.162848284,0.093118039,0.345419267,0.229695999,0.424884734,5
Vikings 2019,Vikings,29905000,4409766,22442158,6058384,24116130,86931438,15106796,23691333,12871959,15018703,27075664,93764455,2019,0.625,1,0,188200000,0.158900106,0.023431275,0.119246323,0.032191201,0.128140967,0.080269904,0.12588381,0.068395106,0.079801823,0.14386644,0.498217083,0.461909872,0.039873045,10
Patriots 2019,Patriots,22535204,12229419,18179022,2677268,23741152,79362065,6821358,10952860,19123431,27918225,18863654,83679528,2019,0.75,1,0,188200000,0.119740723,0.064980972,0.096594166,0.014225654,0.126148523,0.03624526,0.058197981,0.101612279,0.148343385,0.100231955,0.444630861,0.421690037,0.133679102,12
Saints 2019,Saints,26595000,3756693,13051443,6502176,42560951,92466263,10807620,14664025,20311789,4190537,16638197,66612168,2019,0.813,1,0,188200000,0.141312434,0.019961174,0.069348794,0.034549288,0.226147455,0.057426249,0.077917242,0.107926615,0.022266403,0.088406998,0.353943507,0.491319145,0.154737349,13
Giants 2019,Giants,28405163,8989981,16166352,8759798,26599108,88920402,7672043,10746861,14231925,8300429,5000958,45952216,2019,0.25,0,0,188200000,0.150930728,0.047768231,0.085899851,0.046545154,0.141334261,0.040765372,0.057103406,0.075621281,0.044104299,0.026572572,0.244166929,0.472478225,0.283354846,4
Jets 2019,Jets,9491711,11432801,19374147,3093662,35809241,79201562,18448512,6035480,25047180,11243424,22098745,82873341,2019,0.438,0,0,188200000,0.050434171,0.060748146,0.102944458,0.016438162,0.190272269,0.0980261,0.032069501,0.133088098,0.059741892,0.117421599,0.440347189,0.420837205,0.138815606,7
Eagles 2019,Eagles,14278779,5468274,19997045,7822805,36444965,84011868,17465235,11566811,7692784,20577441,9679240,66981511,2019,0.563,1,0,188200000,0.075870239,0.029055654,0.106254224,0.041566445,0.193650186,0.092801461,0.061460207,0.040875579,0.109338156,0.051430606,0.35590601,0.446396748,0.197697242,9
Steelers 2019,Steelers,27991392,1766913,4570576,8105668,36091768,78526317,31563825,14409336,13056501,5534972,18112322,82676956,2019,0.5,0,0,188200000,0.148732157,0.009388486,0.024285739,0.043069437,0.191773475,0.167714267,0.076563953,0.06937567,0.029410053,0.096239756,0.439303698,0.417249293,0.143447009,8
49ers 2019,49ers,21532358,12516472,15349829,4258221,37558398,91215278,7219127,39706057,15326818,10736568,16769419,89757989,2019,0.813,1,0,188200000,0.114412104,0.066506227,0.081561259,0.022626041,0.199566408,0.038358804,0.210977986,0.08143899,0.057048714,0.089104245,0.476928741,0.48467204,0.038399219,13
Seahawks 2019,Seahawks,26996766,5035413,12335319,6730075,33430896,84528469,5120514,21581217,27139216,10653670,4300635,68795252,2019,0.688,1,0,188200000,0.143447216,0.026755648,0.065543672,0.035760228,0.177634942,0.027207832,0.114671716,0.144204123,0.056608236,0.022851408,0.365543316,0.449141706,0.185314979,11
Buccaneers 2019,Buccaneers,23770750,5056256,21803199,11313773,42981228,104925206,21184145,18583642,17521770,5355326,4962631,67607514,2019,0.438,0,0,188200000,0.126305792,0.026866397,0.115851217,0.060115691,0.228380595,0.112561876,0.098744113,0.09310186,0.028455505,0.026368921,0.359232274,0.557519692,0.083248034,7
Titans 2019,Titans,23283000,7319205,16140089,8786988,34514326,90043608,25607015,8743596,10915774,8433793,30531666,84231844,2019,0.563,1,0,188200000,0.123714134,0.038890569,0.085760303,0.046689628,0.183391743,0.136062779,0.046459065,0.058000925,0.044812928,0.162229894,0.44756559,0.478446376,0.073988034,9
Commanders 2019,Commanders,29974202,8218621,9962196,17664279,32197919,98017217,11134561,18408787,3849469,7558867,22689383,63641067,2019,0.188,0,0,188200000,0.159267811,0.043669612,0.052934091,0.093859081,0.171083523,0.059163448,0.097815021,0.020454139,0.040164012,0.120559952,0.338156573,0.520814118,0.141029309,3
Packers 2019,Packers,30060000,2275911,16313123,16508239,45779795,110937068,8776062,18915217,4713346,8930462,13575522,54910609,2019,0.813,1,0,188200000,0.159723698,0.012093045,0.086679718,0.087716467,0.24325077,0.046631573,0.100505935,0.025044346,0.047451977,0.072133486,0.291767317,0.589463698,0.118768985,13
Cardinals 2018,Cardinals,5229993,6642019,21383544,8338914,16580007,58174477,6574896,22609536,12827408,8859951,16131635,67003426,2018,0.188,0,0,177200000,0.029514633,0.037483177,0.120674628,0.047059334,0.093566631,0.037104379,0.127593318,0.072389436,0.049999723,0.091036315,0.378123172,0.328298403,0.293578426,3
Falcons 2018,Falcons,22329200,7325063,24432270,2433131,40262172,96781836,6021602,11943939,8581239,9445802,26512595,62505177,2018,0.438,0,0,177200000,0.126011287,0.041337827,0.137879628,0.013730988,0.22721316,0.033981953,0.067403719,0.048426857,0.05330588,0.149619611,0.352738019,0.546172889,0.101089091,7
Ravens 2018,Ravens,27572118,3363334,12886087,4763673,21740115,70325327,9730013,11748483,10994045,16441962,26734432,75648935,2018,0.625,1,0,177200000,0.15559886,0.01898044,0.072720581,0.02688303,0.122686879,0.05490978,0.066300694,0.062043143,0.092787596,0.150871512,0.426912726,0.396869791,0.176217483,10
Bills 2018,Bills,4972932,12700103,3135006,10226000,13535618,44569659,13874163,18752548,8735891,12472941,7366816,61202359,2018,0.375,0,0,177200000,0.02806395,0.07167101,0.017691907,0.057708804,0.076386106,0.078296631,0.10582702,0.049299611,0.070389058,0.041573454,0.345385773,0.251521778,0.403092449,6
Panthers 2018,Panthers,22245471,6826065,12594544,9312292,32444025,83422397,25938492,15594755,18109544,8525314,10046763,78214868,2018,0.438,0,0,177200000,0.125538775,0.038521812,0.071075305,0.052552438,0.183092692,0.146379752,0.088006518,0.10219833,0.048111253,0.056697308,0.44139316,0.470781021,0.087825818,7
Bears 2018,Bears,10598281,2865819,26134139,16862132,25838059,82298430,16269909,26108093,12062109,4184476,18514959,77139546,2018,0.75,1,0,177200000,0.059809712,0.016172793,0.147483854,0.095158758,0.145812974,0.091816642,0.147336868,0.068070593,0.023614424,0.104486225,0.435324752,0.464438093,0.100237156,12
Bengals 2018,Bengals,17198153,6168245,22333466,9109741,26761854,81571459,17980043,21586114,18408108,6721891,22735864,87432020,2018,0.375,0,0,177200000,0.09705504,0.034809509,0.126035361,0.051409374,0.151026264,0.101467511,0.121817799,0.103883228,0.037933922,0.12830623,0.493408691,0.460335547,0.046255762,6
Browns 2018,Browns,24442360,5651728,19436865,7333699,34889282,91753934,2692766,13837156,21595019,5640141,18933305,62698387,2018,0.469,0,0,177200000,0.137936569,0.031894628,0.109688854,0.041386563,0.196892111,0.015196196,0.078087788,0.121868053,0.031829238,0.106847094,0.353828369,0.517798725,0.128372906,7
Cowboys 2018,Cowboys,1816903,7705768,17811897,2372304,43159686,72866558,5600665,30183328,18325353,4718347,5642991,64470684,2018,0.625,1,0,177200000,0.010253403,0.043486275,0.100518606,0.01338772,0.243564819,0.031606462,0.170334808,0.103416213,0.02662724,0.031845322,0.363830045,0.411210824,0.224959131,10
Broncos 2018,Broncos,15706000,1963621,14510892,2980830,27685340,62846683,19610747,22060696,13626497,8651558,23101585,87051083,2018,0.375,0,0,177200000,0.088634312,0.011081383,0.08188991,0.01682184,0.15623781,0.11067013,0.124496027,0.076898967,0.048823691,0.130370119,0.491258933,0.354665254,0.154075813,6
Lions 2018,Lions,27560000,7708425,10261176,4771517,26454707,76755825,6088251,19866349,13152062,13868343,12942767,65917772,2018,0.375,0,0,177200000,0.155530474,0.04350127,0.057907314,0.026927297,0.149292929,0.034358076,0.112112579,0.074221569,0.078263787,0.073040446,0.371996456,0.433159283,0.194844261,6
Texans 2018,Texans,4498746,8781571,22937792,3958681,21831728,62008518,19458959,20876470,10503200,11881679,32029767,94750075,2018,0.688,1,0,177200000,0.025387957,0.049557398,0.129445779,0.022340186,0.123203883,0.109813538,0.117813036,0.059273138,0.067052365,0.180754893,0.53470697,0.349935203,0.115357827,11
Colts 2018,Colts,25722676,2083712,20549797,13375573,25098865,86830623,11406297,12518570,3849218,6461829,5307934,39543848,2018,0.625,1,0,177200000,0.145161828,0.011759097,0.115969509,0.075482918,0.14164145,0.064369622,0.070646558,0.021722449,0.036466304,0.029954481,0.223159413,0.490014802,0.286825784,10
Jaguars 2018,Jaguars,10786333,12425774,17287457,4822038,28024882,73346484,49441021,1915141,11985485,11226426,27090280,101658353,2018,0.313,0,0,177200000,0.060870954,0.070122878,0.097559012,0.027212404,0.158153962,0.279012534,0.010807793,0.067638177,0.063354549,0.152879684,0.573692737,0.41391921,0.012388053,5
Chiefs 2018,Chiefs,6462373,3839568,13410657,12846159,35054355,71613112,13806414,30874001,6439413,20988021,5449388,77557237,2018,0.75,1,0,177200000,0.036469374,0.021667991,0.075680909,0.072495254,0.197823674,0.0779143,0.174232511,0.036339802,0.118442556,0.030752754,0.437681924,0.404137201,0.158180875,12
Raiders 2018,Raiders,25915200,7694424,18652510,11533431,36376204,100171769,11861506,2352299,10206380,11068824,11492532,46981541,2018,0.25,0,0,177200000,0.146248307,0.043422257,0.105262472,0.065087082,0.205283318,0.066938521,0.013274825,0.057598081,0.062465147,0.064856275,0.26513285,0.565303437,0.169563713,4
Chargers 2018,Chargers,23129200,4755413,25433190,7068484,27984393,88370680,14590006,22744570,6339835,10693090,17921985,72289486,2018,0.75,1,0,177200000,0.130525959,0.026836416,0.14352816,0.039889865,0.157925468,0.082336377,0.128355361,0.03577785,0.060344752,0.10113987,0.40795421,0.498705869,0.093339921,12
Rams 2018,Rams,8767592,9038320,14151679,2758153,27763882,62479626,39110096,5284312,10912796,13578223,20726753,89612180,2018,0.813,1,0,177200000,0.04947851,0.051006321,0.079862748,0.015565198,0.15668105,0.220711603,0.029821174,0.061584628,0.076626541,0.116968132,0.505712077,0.352593826,0.141694097,13
Dolphins 2018,Dolphins,10507195,4122610,25766603,4425226,30559407,75381041,5156706,38276611,14286351,13320269,3678898,74718835,2018,0.438,0,0,177200000,0.059295683,0.023265293,0.145409723,0.024973059,0.17245715,0.02910105,0.216007963,0.080622748,0.075170818,0.020761275,0.421663854,0.425400909,0.152935237,7
Vikings 2018,Vikings,26462000,8510220,15333845,9592122,26668316,86566503,18526098,18610741,18490720,15731056,22554099,93912714,2018,0.531,0,0,177200000,0.149334086,0.048026072,0.086534114,0.054131614,0.150498397,0.104549086,0.105026755,0.104349436,0.088775711,0.127280468,0.529981456,0.488524283,-0.018505739,8
Patriots 2018,Patriots,23044200,7894058,15575488,16740476,20349864,83604086,8841997,12784037,12418619,22783881,15107401,71935935,2018,0.688,1,1,177200000,0.130046275,0.04454886,0.087897788,0.094472212,0.114841219,0.049898403,0.072144678,0.0700825,0.128577207,0.085256213,0.405959001,0.471806354,0.122234644,11
Saints 2018,Saints,26852600,7093841,12859196,7775068,35725330,90306035,7215630,20379299,14765854,7798629,8475586,58634998,2018,0.813,1,0,177200000,0.151538375,0.040032963,0.072568826,0.043877359,0.201610214,0.04072026,0.115007331,0.083328747,0.044010322,0.047830621,0.33089728,0.509627737,0.159474983,13
Giants 2018,Giants,23411925,11329128,12265128,7070209,16351639,70428029,6466608,23401317,7366336,5267371,13155011,55656643,2018,0.313,0,0,177200000,0.132121473,0.063934131,0.069216298,0.039899599,0.092277872,0.036493273,0.132061608,0.041570745,0.02972557,0.074238211,0.314089407,0.397449374,0.288461219,5
Jets 2018,Jets,15760757,8070717,13044099,3861826,36847212,77584611,16336478,5967157,11918348,10941303,27956260,73119546,2018,0.25,0,0,177200000,0.088943324,0.045545807,0.073612297,0.0217936,0.207941377,0.092192314,0.033674701,0.0672593,0.061745502,0.157766704,0.412638521,0.437836405,0.149525073,4
Eagles 2018,Eagles,21505365,5143228,16761079,7215415,35461396,86086483,19610353,20521371,7463300,16905015,5420767,69920806,2018,0.563,1,0,177200000,0.121362105,0.029024989,0.094588482,0.040719046,0.200120745,0.110667906,0.115809091,0.042117946,0.095400762,0.030591236,0.394586941,0.485815367,0.119597692,9
Steelers 2018,Steelers,24607847,1545560,13094252,5891394,35090781,80229834,18570996,7627086,15162163,7577505,18261233,67198983,2018,0.594,0,0,177200000,0.138870468,0.008722122,0.073895327,0.033247144,0.198029238,0.10480246,0.043042246,0.085565254,0.042762444,0.103054362,0.379226766,0.4527643,0.168008933,9
49ers 2018,49ers,38197259,8311842,18448916,3643398,33769652,102371067,10033146,16528345,8852841,3207934,18947503,57569769,2018,0.25,0,0,177200000,0.215560152,0.046906558,0.104113521,0.020560937,0.190573657,0.056620463,0.093275085,0.049959599,0.018103465,0.106927218,0.32488583,0.577714825,0.097399345,4
Seahawks 2018,Seahawks,24620964,4655724,20229810,3273982,22883379,75663859,5451644,5314490,26759580,26285750,7339007,71150471,2018,0.625,1,0,177200000,0.138944492,0.026273837,0.114163713,0.018476196,0.129138708,0.030765485,0.029991479,0.151013431,0.148339447,0.041416518,0.40152636,0.426996947,0.171476693,10
Buccaneers 2018,Buccaneers,12616903,3981361,34124743,10224401,25173502,86120910,30935514,21624467,14813639,6026118,15212917,88612655,2018,0.313,0,0,177200000,0.071201484,0.022468177,0.192577556,0.05769978,0.142062652,0.17457965,0.122034238,0.083598414,0.034007438,0.085851676,0.500071416,0.48600965,0.013918933,5
Titans 2018,Titans,9704446,6578378,8480482,11782366,33732729,70278401,26799400,19778901,12351575,11696707,20975177,91601760,2018,0.563,0,0,177200000,0.054765497,0.037124029,0.047858251,0.066491907,0.190365288,0.151238149,0.11161908,0.069704148,0.066008505,0.118370073,0.516939955,0.396604972,0.086455073,9
Commanders 2018,Commanders,22370588,6464791,11550945,16639653,35598047,92624024,11918322,17481245,6801489,5638443,21140054,62979553,2018,0.438,0,0,177200000,0.126244853,0.036483019,0.06518592,0.093903234,0.200891913,0.067259153,0.098652624,0.038383121,0.031819656,0.11930053,0.355415085,0.522708939,0.121875976,7
Packers 2018,Packers,22071928,1581868,26709607,10835666,33058976,94258045,19391088,23692894,4603006,2949361,10277116,60913465,2018,0.406,0,0,177200000,0.124559413,0.00892702,0.150731416,0.061149357,0.18656307,0.109430519,0.133707077,0.025976332,0.016644249,0.057997269,0.343755446,0.531930277,0.124314278,6
Cardinals 2017,Cardinals,29489118,3666976,20439056,6097469,28917997,88610616,11978095,14486303,6172044,15728455,21047533,69412430,2017,0.5,0,0,167000000,0.176581545,0.02195794,0.122389557,0.03651179,0.173161659,0.07172512,0.086744329,0.036958347,0.094182365,0.126033132,0.415643293,0.530602491,0.053754216,8
Falcons 2017,Falcons,27422800,5928217,28103286,4019531,25953036,91426870,11309437,18256298,8512929,6556132,15535401,60170197,2017,0.625,1,0,167000000,0.164208383,0.035498305,0.16828315,0.024069048,0.155407401,0.06772118,0.10931915,0.050975623,0.039258275,0.093026353,0.360300581,0.547466287,0.092233132,10
Ravens 2017,Ravens,26742000,5270289,16212624,5393387,23346656,76964956,8142163,11289373,5332555,12619611,15031988,52415690,2017,0.563,0,0,167000000,0.160131737,0.031558617,0.097081581,0.032295731,0.139800335,0.048755467,0.067601036,0.031931467,0.075566533,0.090011904,0.313866407,0.460868,0.225265593,9
Bills 2017,Bills,10238211,11190118,6496909,11467859,35796366,75189463,10325927,13718331,7077973,7686153,5801497,44609881,2017,0.563,1,0,167000000,0.061306653,0.067006695,0.038903647,0.068669814,0.214349497,0.061831898,0.082145695,0.042383072,0.046024868,0.034739503,0.267125036,0.450236305,0.282638659,9
Panthers 2017,Panthers,22710632,11316345,7593965,15861068,22836833,80318843,19975799,14930437,27237850,7693071,6607630,76444787,2017,0.688,1,0,167000000,0.135991808,0.067762545,0.045472844,0.094976455,0.136747503,0.119615563,0.089403814,0.163100898,0.046066293,0.039566647,0.457753216,0.480951156,0.061295629,11
Bears 2017,Bears,21278625,2385295,14645439,10633090,31878770,80821219,14795376,16993112,11977212,7234912,17788027,68788639,2017,0.313,0,0,167000000,0.127416916,0.014283204,0.08769724,0.063671198,0.190890838,0.088595066,0.101755162,0.071719832,0.043322826,0.106515132,0.411908018,0.483959395,0.104132587,5
Bengals 2017,Bengals,16798413,7569296,24430688,9413806,17262341,75474544,12361126,14384255,17613896,10969118,22900422,78228817,2017,0.438,0,0,167000000,0.100589299,0.045325126,0.146291545,0.056370096,0.103367311,0.074018719,0.086133263,0.105472431,0.065683341,0.137128275,0.46843603,0.451943377,0.079620593,7
Browns 2017,Browns,2209957,4470494,5198547,3254760,41615803,56749561,5528898,9198852,21613135,3882857,7163759,47387501,2017,0,0,0,167000000,0.013233275,0.026769425,0.031129024,0.019489581,0.249196425,0.033107174,0.055082946,0.12941997,0.023250641,0.04289676,0.283757491,0.339817731,0.376424778,0
Cowboys 2017,Cowboys,1782314,7879602,26062634,16565097,23737956,76027603,4846639,17309055,13571954,3098994,10844663,49671305,2017,0.563,0,0,167000000,0.010672539,0.047183246,0.156063677,0.099192198,0.142143449,0.02902179,0.103647036,0.081269186,0.01855685,0.064938102,0.297432964,0.455255108,0.247311928,9
Broncos 2017,Broncos,3920973,6090264,25054318,4832368,23704519,63602442,18109284,23398406,9388589,8775903,24273641,83945823,2017,0.313,0,0,167000000,0.02347888,0.036468647,0.150025856,0.028936335,0.141943228,0.108438826,0.140110216,0.056219096,0.052550317,0.145351144,0.502669599,0.380852946,0.116477455,5
Lions 2017,Lions,17047200,5553764,18671297,5529031,22993789,69795081,15087353,14892449,12040537,11021745,17917711,70959795,2017,0.563,0,0,167000000,0.102079042,0.033256072,0.111804174,0.03310797,0.137687359,0.090343431,0.089176341,0.072099024,0.065998473,0.107291683,0.424908952,0.417934617,0.157156431,9
Texans 2017,Texans,3855907,9441681,22653336,10632622,20476207,67059753,17826431,14975844,9833223,10598898,21425963,74660359,2017,0.25,0,0,167000000,0.023089263,0.056537012,0.135648719,0.063668395,0.122612018,0.106745096,0.089675713,0.058881575,0.063466455,0.12829918,0.447068018,0.401555407,0.151376575,4
Colts 2017,Colts,22129791,6704574,15603598,10039875,20295961,74773799,14868181,21252770,3079205,7567614,4398800,51166570,2017,0.25,0,0,167000000,0.132513719,0.04014715,0.093434719,0.060119012,0.121532701,0.089031024,0.127262096,0.018438353,0.045315054,0.02634012,0.306386647,0.447747299,0.245866054,4
Jaguars 2017,Jaguars,10071983,13724506,13512773,7480525,23902263,68692050,36897369,8251178,13216415,15958866,13849553,88173381,2017,0.625,1,0,167000000,0.060311275,0.082182671,0.080914808,0.044793563,0.143127323,0.220942329,0.049408251,0.07914021,0.095562072,0.082931455,0.527984317,0.411329641,0.060686042,10
Chiefs 2017,Chiefs,21205288,4243728,5474701,7192941,25611612,63728270,16972578,35949428,6576004,14053421,6828257,80379688,2017,0.625,1,0,167000000,0.126977772,0.025411545,0.032782641,0.043071503,0.153362946,0.101632204,0.215266036,0.039377269,0.084152222,0.040887766,0.481315497,0.381606407,0.137078096,10
Raiders 2017,Raiders,17066663,3913937,21228435,8513978,43010782,93733795,4925768,16020328,3913692,11365174,22873492,59098454,2017,0.375,0,0,167000000,0.102195587,0.023436749,0.127116377,0.050981904,0.257549593,0.029495617,0.095930108,0.023435281,0.068054934,0.136967018,0.353882958,0.56128021,0.084836832,6
Chargers 2017,Chargers,19155000,5059879,20577484,8986982,21498674,75278019,17068671,23167189,5864393,6553828,9329846,61983927,2017,0.563,0,0,167000000,0.114700599,0.030298677,0.123218467,0.053814263,0.128734575,0.102207611,0.138725683,0.035116126,0.039244479,0.055867341,0.37116124,0.450766581,0.17807218,9
Rams 2017,Rams,7755133,6953354,25219237,3237501,20306285,63471510,19055848,15841769,17897035,5194177,22147687,80136516,2017,0.688,1,0,167000000,0.046437922,0.04163685,0.151013395,0.019386234,0.121594521,0.114106874,0.094860892,0.107167874,0.031102856,0.13262088,0.479859377,0.380068922,0.140071701,11
Dolphins 2017,Dolphins,33058282,3310080,9776316,9519411,22688764,78352853,21338272,20091185,11883805,11301524,5758889,70373675,2017,0.375,0,0,167000000,0.197953784,0.019820838,0.058540814,0.057002461,0.135860862,0.127774084,0.120306497,0.071160509,0.067673796,0.034484365,0.421399251,0.46917876,0.109421988,6
Vikings 2017,Vikings,22523284,6109029,10830686,7988864,19431712,66883575,13847877,15647606,10635653,11466277,21360634,72958047,2017,0.813,1,0,167000000,0.134869964,0.036581012,0.064854407,0.047837509,0.116357557,0.082921419,0.09369824,0.063686545,0.068660341,0.127907988,0.436874533,0.400500449,0.162625018,13
Patriots 2017,Patriots,14476471,11010522,18838336,12917262,22196744,79439335,10484357,5229052,13278110,23735041,16603309,69329869,2017,0.813,1,0,167000000,0.086685455,0.065931269,0.112804407,0.077348874,0.132914635,0.062780581,0.031311689,0.079509641,0.142125994,0.099421012,0.415148916,0.475684641,0.109166443,13
Saints 2017,Saints,20365000,6649958,7172234,13281931,32749192,80218315,7351727,15826140,11368168,9465615,5035764,49047414,2017,0.688,1,0,167000000,0.121946108,0.039820108,0.042947509,0.079532521,0.196102946,0.044022317,0.094767305,0.068072862,0.056680329,0.030154275,0.29369709,0.480349192,0.225953719,11
Giants 2017,Giants,21444105,6846041,14572454,4806305,21971246,69640151,13231093,26432590,11922152,3870386,27976841,83433062,2017,0.188,0,0,167000000,0.128407814,0.040994257,0.087260204,0.028780269,0.131564347,0.079228102,0.158278982,0.071390132,0.023175964,0.167525994,0.499599174,0.417006892,0.083393934,3
Jets 2017,Jets,8334184,10310192,8058956,2443262,29743163,58889757,30004586,5244382,5963101,6921694,16360022,64493785,2017,0.313,0,0,167000000,0.049905293,0.061737677,0.048257222,0.014630311,0.178102772,0.17966818,0.031403485,0.035707192,0.041447269,0.097964204,0.386190329,0.352633275,0.261176395,5
Eagles 2017,Eagles,7948686,7712155,20433394,10106000,34671590,80871825,14920141,21800072,14705805,14776850,4361412,70564280,2017,0.813,1,1,167000000,0.047596922,0.046180569,0.122355653,0.06051497,0.207614311,0.089342162,0.130539353,0.088058713,0.088484132,0.02611624,0.422540599,0.484262425,0.093196976,13
Steelers 2017,Steelers,21004781,13113454,17778997,3945253,39055012,94897497,15833947,8183830,6906583,12475138,11466541,54866039,2017,0.813,1,0,167000000,0.125777132,0.078523677,0.10646106,0.023624269,0.233862347,0.094814054,0.04900497,0.041356784,0.074701425,0.068661922,0.328539156,0.568248485,0.103212359,13
49ers 2017,49ers,1280189,2825514,13826473,3831656,25604947,47368779,8811687,17957489,8945957,9535769,6441770,51692672,2017,0.375,0,0,167000000,0.007665802,0.016919246,0.082793251,0.022944048,0.153323036,0.052764593,0.107529874,0.053568605,0.057100413,0.038573473,0.309536958,0.283645383,0.406817659,6
Seahawks 2017,Seahawks,15443870,5565665,8724467,12553573,21118436,63406011,9895825,19887433,18261753,20890487,23142234,92077732,2017,0.563,0,0,167000000,0.092478263,0.033327335,0.052242317,0.075171096,0.126457701,0.059256437,0.119086425,0.109351814,0.125092737,0.138576251,0.551363665,0.379676713,0.068959623,9
Buccaneers 2017,Buccaneers,11738985,8969129,18804531,3178912,23495847,66187404,30220786,9762983,8819460,8500031,17764740,75068000,2017,0.313,0,0,167000000,0.070293323,0.053707359,0.112601982,0.019035401,0.140693695,0.18096279,0.058460976,0.052811138,0.050898389,0.106375689,0.449508982,0.39633176,0.154159257,5
Titans 2017,Titans,10351646,8746428,19514493,7486458,17127063,63226088,20991161,23008834,9206570,13657831,15276846,82141242,2017,0.563,1,0,167000000,0.061985904,0.05237382,0.116853251,0.04482909,0.102557263,0.125695575,0.137777449,0.055129162,0.081783419,0.09147812,0.491863725,0.378599329,0.129536946,9
Commanders 2017,Commanders,27543600,4474359,10894949,11840649,34757110,89510667,12451986,17002208,8198492,6606862,24425407,68684955,2017,0.438,0,0,167000000,0.164931737,0.026792569,0.065239216,0.07090209,0.208126407,0.07456279,0.101809629,0.049092766,0.039562048,0.146259922,0.411287156,0.535992018,0.052720826,7
Packers 2017,Packers,21034437,2394382,31564129,3754657,28553585,87301190,14712089,26170012,2563395,11727962,9272758,64446216,2017,0.438,0,0,167000000,0.125954713,0.014337617,0.18900676,0.022482976,0.170979551,0.088096341,0.156706659,0.015349671,0.070227317,0.055525497,0.385905485,0.522761617,0.091332898,7
Cardinals 2016,Cardinals,20967647,5171763,19073522,5942819,19298535,70454286,23704115,12115452,6216592,11210539,16623998,69870696,2016,0.469,0,0,155270000,0.135039911,0.033308192,0.122841,0.038274097,0.124290172,0.152663844,0.078028286,0.040037303,0.07220029,0.1070651,0.449994822,0.453753372,0.096251807,7
Falcons 2016,Falcons,25631100,1852741,21945916,5486900,21046268,75962925,3803031,20886504,10513747,4903067,6580038,46686387,2016,0.688,1,0,155270000,0.165074387,0.011932382,0.141340349,0.035337799,0.135546261,0.024493019,0.134517318,0.067712675,0.031577684,0.042378038,0.300678734,0.489231178,0.210090088,11
Ravens 2016,Ravens,24056900,2492212,13619295,8561035,18007403,66736845,7240013,17109523,4802149,18916487,13055152,61123324,2016,0.5,0,0,155270000,0.154935918,0.016050828,0.087713628,0.05513644,0.115974773,0.046628537,0.110192072,0.030927732,0.121829632,0.084080325,0.393658298,0.429811586,0.176530115,8
Bills 2016,Bills,10286322,10305929,12971463,7994746,19315114,60873574,22682421,11436205,4326517,14367753,15208647,68021543,2016,0.438,0,0,155270000,0.066247968,0.066374245,0.083541334,0.051489315,0.124396947,0.146083732,0.073653668,0.027864475,0.092533992,0.097949681,0.438085548,0.39204981,0.169864642,7
Panthers 2016,Panthers,21450000,10958863,8550593,8019942,25130242,74109640,9915073,5907171,18305233,5817094,3505394,43449965,2016,0.375,0,0,155270000,0.138146455,0.070579397,0.055069189,0.051651588,0.161848664,0.063856978,0.03804451,0.117892916,0.037464378,0.022576119,0.2798349,0.477295292,0.242869807,6
Bears 2016,Bears,20140353,2164522,23144751,4465009,25002276,74916911,10499728,23295184,11928466,3785524,9703965,59212867,2016,0.188,0,0,155270000,0.129711812,0.013940375,0.149061319,0.028756418,0.161024512,0.067622387,0.150030167,0.076824023,0.024380267,0.062497359,0.381354202,0.482494435,0.136151362,3
Bengals 2016,Bengals,14195413,7582248,17965568,4895878,26963355,71602462,15774614,15267615,15238247,10932963,20040214,77253653,2016,0.406,0,0,155270000,0.091424055,0.048832666,0.115705339,0.031531384,0.173654634,0.101594732,0.098329458,0.098140317,0.070412591,0.129066877,0.497543975,0.461148078,0.041307947,6
Browns 2016,Browns,11022385,2873269,8060225,3663632,20849784,46469295,11120534,1500998,6626100,2503713,23427666,45179011,2016,0.063,0,0,155270000,0.070988504,0.018504985,0.051911026,0.023595234,0.134280827,0.071620622,0.009667019,0.042674696,0.016124899,0.150883403,0.290970638,0.299280576,0.409748786,1
Cowboys 2016,Cowboys,23926148,9073966,19837501,9867494,21408752,84113861,4585559,10409388,15942586,8367517,20670361,59975411,2016,0.813,1,0,155270000,0.154093824,0.058439918,0.127761325,0.063550551,0.137880801,0.029532807,0.067040562,0.102676538,0.053890108,0.133125272,0.386265286,0.541726418,0.072008295,13
Broncos 2016,Broncos,2261161,7652724,24631438,4002548,14289846,52837717,14874328,22787306,6341732,11486444,22329018,77818828,2016,0.563,0,0,155270000,0.014562768,0.049286559,0.158636169,0.025777987,0.092032241,0.095796535,0.146759232,0.040843254,0.073977227,0.143807677,0.501183925,0.340295724,0.158520352,9
Lions 2016,Lions,23338824,3971695,17699492,6514242,17174595,68698848,8782820,8535944,13539421,11189104,8071148,50118437,2016,0.563,1,0,155270000,0.150311226,0.025579281,0.113991705,0.041954286,0.110611161,0.056564823,0.054974844,0.087199208,0.07206224,0.051981374,0.322782489,0.442447659,0.234769853,9
Texans 2016,Texans,14412646,7911734,6448981,2062362,31103538,61939261,22938450,14197538,14400101,5327548,19939515,76803152,2016,0.563,1,0,155270000,0.092823121,0.050954685,0.04153398,0.013282424,0.200319044,0.147732659,0.091437741,0.092742326,0.034311509,0.128418336,0.494642571,0.398913254,0.106444175,9
Colts 2016,Colts,19980000,5551333,14669690,11144550,20978970,72324543,11141107,17579573,6160859,7650838,13866511,56398888,2016,0.5,0,0,155270000,0.128679075,0.035752773,0.094478586,0.071775295,0.135112836,0.07175312,0.113219379,0.03967836,0.049274412,0.089305796,0.363231068,0.465798564,0.170970368,8
Jaguars 2016,Jaguars,10864196,5551588,14724668,11943324,23735090,66818866,33501913,7011441,11297021,7647569,16930497,76388441,2016,0.188,0,0,155270000,0.069969704,0.035754415,0.094832666,0.076919714,0.152863335,0.215765525,0.045156444,0.072757268,0.049253359,0.109039074,0.491971669,0.430339834,0.077688497,3
Chiefs 2016,Chiefs,20232200,8036819,16078663,4923789,14976072,64247543,17326136,21124929,7381104,15661151,5252667,66745987,2016,0.75,1,0,155270000,0.130303343,0.051760282,0.103552927,0.031711142,0.096451807,0.111587145,0.136052869,0.047537219,0.100863985,0.033829246,0.429870464,0.4137795,0.156350035,12
Raiders 2016,Raiders,4623009,2818849,19361975,5870639,36972041,69646513,10767380,19443717,7072959,12697085,20847900,70829041,2016,0.75,1,0,155270000,0.029774,0.018154499,0.124698751,0.037809229,0.238114517,0.069346171,0.125225201,0.045552644,0.081774232,0.134268693,0.456166941,0.448550995,0.095282064,12
Chargers 2016,Chargers,17180000,7117376,18017691,8274768,25663138,76252973,17468654,14930795,5378711,7089050,18462884,63330094,2016,0.313,0,0,155270000,0.110645972,0.045838707,0.116041032,0.053292767,0.165280724,0.112505017,0.096160205,0.034641019,0.045656276,0.11890825,0.407870767,0.491099201,0.101030032,5
Rams 2016,Rams,9453311,6684248,16984504,7779092,18948473,59849628,12337912,22337341,9904864,6193434,14857989,65631540,2016,0.25,0,0,155270000,0.060883049,0.043049192,0.1093869,0.050100419,0.122035635,0.079461016,0.14386128,0.063791228,0.039888156,0.095691305,0.422692986,0.385455194,0.191851819,4
Dolphins 2016,Dolphins,13281182,1974686,6367688,11317299,28834646,61775501,17479805,24908290,8873417,11884805,12949485,76095802,2016,0.625,1,0,155270000,0.085536047,0.012717756,0.041010421,0.072887866,0.185706485,0.112576834,0.160419205,0.057148303,0.076542829,0.083399787,0.490086958,0.397858575,0.112054466,10
Vikings 2016,Vikings,12430538,13666191,8596564,7804564,32879606,75377463,11885987,16151461,11877574,12925603,16485260,69325885,2016,0.5,0,0,155270000,0.080057564,0.088015657,0.055365261,0.050264468,0.211757622,0.076550441,0.104021775,0.076496258,0.083245978,0.106171572,0.446486024,0.485460572,0.068053404,8
Patriots 2016,Patriots,15259305,5014925,17034672,12753868,26847155,76909925,5119235,14912527,13450124,12755434,4775449,51012769,2016,0.875,1,1,155270000,0.098275939,0.032298094,0.109710002,0.082139937,0.17290626,0.032969891,0.096042552,0.0866241,0.082150023,0.030755774,0.328542339,0.495330231,0.17612743,14
Saints 2016,Saints,18617300,4961190,5224319,5726719,19176356,53705884,5140464,9660901,9598215,16579686,4828050,45807316,2016,0.438,0,0,155270000,0.11990275,0.031952019,0.033646674,0.036882328,0.123503291,0.033106614,0.06222001,0.061816288,0.106779713,0.031094545,0.29501717,0.345887061,0.359095769,7
Giants 2016,Giants,25595300,9665597,15930551,3014714,13382316,67588478,9138463,24753166,12393270,3598913,21773449,71657261,2016,0.688,1,0,155270000,0.16484382,0.062250254,0.102599028,0.019415946,0.08618739,0.058855304,0.159420146,0.079817544,0.023178418,0.140229594,0.461501005,0.435296438,0.103202557,11
Jets 2016,Jets,10107898,5337110,20760335,2530923,27844419,66580685,21908891,2652225,10859069,7858962,24531901,67811048,2016,0.313,0,0,155270000,0.065098847,0.034373092,0.13370474,0.016300142,0.179329033,0.141101893,0.017081374,0.069936684,0.050614813,0.157995112,0.436729877,0.428805854,0.134464269,5
Eagles 2016,Eagles,9960643,10317028,4931355,6394996,33687976,65291998,9762192,19854836,12105117,11531668,7119979,60373792,2016,0.438,0,0,155270000,0.064150467,0.066445727,0.03175987,0.041186295,0.216963844,0.062872364,0.12787297,0.077961725,0.074268487,0.045855471,0.388831017,0.420506202,0.190662781,7
Steelers 2016,Steelers,25334805,4433346,16885326,4133728,28392364,79179569,14224578,10044940,20449321,7261255,6603699,58583793,2016,0.688,1,0,155270000,0.16316613,0.028552496,0.108748155,0.026622838,0.182858015,0.091611889,0.064693373,0.131701687,0.046765344,0.042530424,0.377302718,0.509947633,0.112749649,11
49ers 2016,49ers,23694507,3028926,11876072,5615042,16923639,61138186,9996826,13678890,16215848,10807904,9075198,59774666,2016,0.125,0,0,155270000,0.152601964,0.019507477,0.076486585,0.036163084,0.108994906,0.0643835,0.088097443,0.104436453,0.069607162,0.058447852,0.384972409,0.393754016,0.221273575,2
Seahawks 2016,Seahawks,18997000,2236171,13750952,12684653,6307577,53976353,5661793,17312549,15426110,17920176,20642727,76963355,2016,0.656,1,0,155270000,0.122348168,0.014401823,0.088561551,0.081694165,0.040623282,0.036464179,0.111499639,0.099350229,0.115412997,0.132947298,0.495674341,0.347628988,0.15669667,10
Buccaneers 2016,Buccaneers,8192029,9960806,20084145,4575686,28332177,71144843,18489165,14390783,15028993,5670300,21537490,75116731,2016,0.563,0,0,155270000,0.052759896,0.064151517,0.12934981,0.029469221,0.182470387,0.11907751,0.092682315,0.096792639,0.036518967,0.138709925,0.483781355,0.458200831,0.058017814,9
Titans 2016,Titans,7534058,7603960,14852328,10992080,21398613,62381039,15355883,17193846,8042363,10382798,13084964,64059854,2016,0.563,0,0,155270000,0.048522303,0.0489725,0.095654846,0.070793328,0.137815502,0.098897939,0.110735145,0.051795988,0.066869312,0.084272326,0.412570709,0.401758479,0.185670812,9
Commanders 2016,Commanders,22237334,2428948,23519793,8387911,26070817,82644803,9823954,11615247,4179207,7736030,10733385,44087823,2016,0.531,0,0,155270000,0.143217196,0.015643382,0.151476737,0.054021453,0.167906337,0.063270136,0.074806769,0.02691574,0.049823082,0.06912723,0.283942957,0.532265106,0.183791937,8
Packers 2016,Packers,19910320,4891731,20545094,3544204,20810535,69701884,14048475,32922762,1857299,10976780,16459880,76265196,2016,0.625,1,0,155270000,0.128230308,0.031504676,0.132318503,0.022826071,0.134028048,0.090477716,0.212035564,0.011961738,0.07069479,0.106008115,0.491177922,0.448907606,0.059914472,10
Cardinals 2015,Cardinals,11834168,2946734,16186291,5182957,29469242,65619392,23944442,5601270,9462857,4181310,22409565,65599444,2015,0.813,1,0,143280000,0.082594696,0.020566262,0.112969647,0.036173625,0.205675893,0.167116429,0.039093174,0.066044507,0.029182789,0.156403999,0.457840899,0.457980123,0.084178978,13
Falcons 2015,Falcons,20208674,2086750,23948138,2839587,15191609,64274758,14046673,11391348,6048588,7655153,5104050,44245812,2015,0.5,0,0,143280000,0.14104323,0.01456414,0.167142225,0.019818446,0.106027422,0.098036523,0.079504104,0.042215159,0.053427924,0.035622906,0.308806616,0.448595463,0.24259792,8
Ravens 2015,Ravens,16944412,2913788,9824791,8910235,20756704,59349930,6445633,14548637,7764297,17048671,7299764,53107002,2015,0.313,0,0,143280000,0.118260832,0.02033632,0.068570568,0.06218757,0.144868118,0.044986272,0.101539901,0.054189678,0.118988491,0.050947543,0.370651884,0.414223409,0.215124707,5
Bills 2015,Bills,3732738,7707163,12781663,5735146,15086305,45043015,16827353,27384012,7282129,5657363,16809630,73960487,2015,0.5,0,0,143280000,0.026052052,0.05379092,0.089207587,0.04002754,0.105292469,0.117443837,0.191122362,0.050824463,0.039484666,0.117320142,0.51619547,0.314370568,0.169433961,8
Panthers 2015,Panthers,15429000,9847396,8456702,8146666,21230527,63110291,6489428,23632158,18067227,5187392,4940895,58317100,2015,0.938,1,0,143280000,0.107684255,0.068728336,0.059022208,0.056858361,0.148175091,0.045291932,0.164936893,0.126097341,0.036204578,0.034484192,0.407014936,0.440468251,0.152516813,15
Bears 2015,Bears,16725388,11448751,12781274,7560294,17921204,66436911,5097132,17841113,4210126,8796854,6925380,42870605,2015,0.375,0,0,143280000,0.116732189,0.079904739,0.089204872,0.052765871,0.125078197,0.035574623,0.124519214,0.029383906,0.061396245,0.04833459,0.299208578,0.463685867,0.237105556,6
Bengals 2015,Bengals,10238778,4040770,18726078,3962305,26041777,63009708,14160300,11753976,20598622,8119150,16808890,71440938,2015,0.75,1,0,143280000,0.071459925,0.028201912,0.130695687,0.027654278,0.181754446,0.098829564,0.082035008,0.14376481,0.056666318,0.117314978,0.498610678,0.439766248,0.061623074,12
Browns 2015,Browns,8093954,1964338,14792090,5193030,27241456,57284868,15138196,14097291,9223625,11656943,23514408,73630463,2015,0.188,0,0,143280000,0.056490466,0.013709785,0.103239042,0.036243928,0.190127415,0.105654634,0.098389803,0.064374826,0.081357782,0.164115075,0.51389212,0.399810637,0.086297243,3
Cowboys 2015,Cowboys,16983000,3636824,11395882,8455213,17609241,58080160,3212519,16676513,12864734,5252185,24161659,62167610,2015,0.25,0,0,143280000,0.118530151,0.025382635,0.079535748,0.059011816,0.1229009,0.022421266,0.116391073,0.089787367,0.036656791,0.168632461,0.433888959,0.405361251,0.160749791,4
Broncos 2015,Broncos,19067139,2115642,23083075,7984142,25231140,77481138,9780662,21029315,3297368,11305871,13543730,58956946,2015,0.75,1,1,143280000,0.133076068,0.014765787,0.161104655,0.055724051,0.176096734,0.068262577,0.146770764,0.023013456,0.078907531,0.094526312,0.411480639,0.540767295,0.047752066,12
Lions 2015,Lions,18498450,5554369,25484600,7702332,10416454,67656205,12313980,11899684,13578562,8736044,5062376,51590646,2015,0.438,0,0,143280000,0.129106993,0.038765836,0.177865717,0.053757203,0.072699986,0.085943467,0.083051954,0.094769417,0.060971831,0.035332049,0.360068719,0.472195736,0.167735546,7
Texans 2015,Texans,6357837,10875801,6411093,5702571,22553824,51901126,20580901,9018355,12609806,4828838,23059240,70097140,2015,0.563,1,0,143280000,0.044373513,0.075905925,0.044745205,0.039800188,0.157410832,0.143641129,0.062942176,0.088008138,0.033702108,0.160938303,0.489231854,0.362235664,0.148532482,9
Colts 2015,Colts,10966900,5547765,13153178,4034629,14365795,48068267,14935562,24983566,10511983,5801282,21055447,77287840,2015,0.5,0,0,143280000,0.076541736,0.038719745,0.091800516,0.028159052,0.100263784,0.104240382,0.17436883,0.073366716,0.040489126,0.146953148,0.539418202,0.335484834,0.125096964,8
Jaguars 2015,Jaguars,8194273,5564721,7847093,16447200,24810232,62863519,22356097,12025078,13628224,5375948,9416089,62801436,2015,0.313,0,0,143280000,0.057190627,0.038838086,0.054767539,0.11479062,0.173159073,0.156030828,0.083927122,0.095116025,0.037520575,0.065718097,0.438312647,0.438745945,0.122941408,5
Chiefs 2015,Chiefs,21476940,9656539,6172669,2273413,16685651,56265212,11816841,13645289,8095994,14112700,11077574,58748398,2015,0.688,1,0,143280000,0.149894891,0.06739628,0.043081163,0.015866925,0.116454851,0.082473765,0.095235127,0.056504704,0.098497348,0.077314168,0.410025112,0.392694109,0.197280779,11
Raiders 2015,Raiders,1918064,3907750,12243561,4799545,31155998,54024918,10429225,13003817,12767283,14730695,4515992,55447012,2015,0.438,0,0,143280000,0.013386823,0.02727352,0.085451989,0.033497662,0.217448339,0.072789119,0.090758075,0.089107224,0.102810546,0.031518649,0.386983613,0.377058333,0.235958054,7
Chargers 2015,Chargers,23002368,7201545,8556430,10790590,18814927,68365860,13709705,4619834,10188872,12240418,9571186,50330015,2015,0.25,0,0,143280000,0.160541374,0.050262039,0.059718244,0.075311209,0.131315794,0.095684708,0.032243398,0.071111614,0.085430053,0.066800572,0.351270345,0.47714866,0.171580995,4
Rams 2015,Rams,5218449,4573838,11865185,15475441,18702572,55835485,10316492,37018755,10685780,8220899,4293600,70535526,2015,0.438,0,0,143280000,0.036421336,0.031922376,0.082811174,0.108008382,0.13053163,0.072002317,0.25836652,0.074579704,0.057376459,0.029966499,0.492291499,0.389694898,0.118013603,7
Dolphins 2015,Dolphins,7625864,2623010,7039908,6819535,23159445,47267762,11620268,18738508,9272473,10861046,14670090,65162385,2015,0.375,0,0,143280000,0.053223506,0.018306882,0.04913392,0.047595861,0.161637668,0.081101815,0.13078244,0.064715752,0.075802945,0.102387563,0.454790515,0.329897836,0.215311649,6
Vikings 2015,Vikings,5245038,16960950,15700531,8705993,29660487,76272999,10108617,15465984,11870684,5565439,14643487,57654211,2015,0.688,1,0,143280000,0.03660691,0.118376256,0.109579362,0.060762095,0.207010657,0.070551487,0.107942379,0.082849553,0.038843097,0.102201891,0.402388407,0.532335281,0.065276312,11
Patriots 2015,Patriots,14791795,4340249,16040318,12066813,21165260,68404435,7937534,12837644,12503493,11471634,4536710,49287015,2015,0.75,1,0,143280000,0.103236984,0.030292078,0.111950851,0.084218405,0.14771957,0.055398758,0.089598297,0.087266143,0.080064447,0.031663247,0.343990892,0.477417888,0.17859122,12
Saints 2015,Saints,25358586,5692821,9440930,3887942,18404737,62785016,4811895,5489433,10157172,11168099,9757823,41384422,2015,0.438,0,0,143280000,0.176986223,0.03973214,0.065891471,0.027135274,0.128452938,0.033583857,0.038312626,0.070890369,0.077945973,0.068103176,0.288835999,0.438198046,0.272965955,7
Giants 2015,Giants,15240800,6883801,14975789,1889705,23070742,62060837,5124721,13672478,10989660,3336069,17527051,50649979,2015,0.375,0,0,143280000,0.106370743,0.048044396,0.10452114,0.013188896,0.161018579,0.035767176,0.095424888,0.076700586,0.023283564,0.122327268,0.353503483,0.433143753,0.213352764,6
Jets 2015,Jets,5192407,6431875,20552089,4191281,33201673,69569325,17349030,3696387,10546255,8846076,31508947,71946695,2015,0.625,0,0,143280000,0.03623958,0.04489025,0.14344004,0.02925238,0.231725803,0.121084799,0.025798346,0.073605912,0.061739782,0.21991169,0.502140529,0.485548053,0.012311418,10
Eagles 2015,Eagles,17392354,12012071,9224526,6878554,23951203,69458708,8704164,16527523,8452587,11129568,13900914,58714756,2015,0.438,0,0,143280000,0.121387172,0.083836341,0.064381114,0.048007775,0.167163617,0.06074933,0.115351221,0.058993488,0.077677052,0.097019221,0.409790313,0.484776019,0.105433668,7
Steelers 2015,Steelers,20358139,3265082,10701027,6131594,18800947,59256789,14557602,7727575,13207206,5560650,13377624,54430657,2015,0.625,1,0,143280000,0.142086397,0.022788121,0.074686118,0.042794486,0.131218223,0.101602471,0.053933382,0.092177596,0.038809673,0.093367002,0.379890124,0.413573346,0.20653653,10
49ers 2015,49ers,17234471,4458248,13805614,2762661,19757909,58018903,6591793,11474979,10783706,8880119,6467970,44198567,2015,0.313,0,0,143280000,0.120285253,0.031115634,0.09635409,0.019281554,0.137897187,0.046006372,0.080087793,0.075263163,0.06197738,0.045142169,0.308476877,0.404933717,0.286589405,5
Seahawks 2015,Seahawks,8554868,10635847,9888081,10063162,12810650,51952608,9600635,18100443,12650324,13893024,15557555,69801981,2015,0.625,1,0,143280000,0.059707342,0.074231205,0.069012291,0.070234241,0.089409897,0.067006107,0.126329167,0.088290927,0.096964154,0.108581484,0.487171838,0.362594975,0.150233187,10
Buccaneers 2015,Buccaneers,5965886,5081515,18129732,4336557,20141348,53655038,23969929,5445509,12188387,4087338,8260432,53951595,2015,0.375,0,0,143280000,0.041637954,0.035465627,0.126533585,0.030266311,0.140573339,0.167294312,0.038006065,0.085066911,0.028526926,0.057652373,0.376546587,0.374476815,0.248976598,6
Titans 2015,Titans,5017020,5286810,8113034,10447500,11157861,40022225,21122812,10312803,6083453,12937775,15939246,66396089,2015,0.188,0,0,143280000,0.035015494,0.036898451,0.056623632,0.072916667,0.077874518,0.147423311,0.07197657,0.042458494,0.090297145,0.111245436,0.463400956,0.279328762,0.257270282,3
Commanders 2015,Commanders,8997885,3242342,24335809,5451490,27764389,69791915,20732031,9316339,7356014,6696517,10756352,54857253,2015,0.563,1,0,143280000,0.062799309,0.022629411,0.169847913,0.038047808,0.193777143,0.144695917,0.065021908,0.051340131,0.046737277,0.07507225,0.382867483,0.487101584,0.130030932,9
Packers 2015,Packers,20090908,2917044,13021509,3295825,21065314,60390600,10632552,35680871,1045193,10790891,13207797,71357304,2015,0.625,1,0,143280000,0.140221301,0.020359045,0.090881554,0.023002687,0.147022013,0.074208208,0.249028971,0.007294759,0.07531331,0.092181721,0.498026968,0.4214866,0.080486432,10
Cardinals 2014,Cardinals,16676701,2653397,14667325,4410632,13774076,52182131,25825251,9394096,6943566,3473804,16867423,62504140,2014,0.688,1,0,133000000,0.125388729,0.019950353,0.110280639,0.033162647,0.103564481,0.19417482,0.070632301,0.052207263,0.026118827,0.126822729,0.46995594,0.39234685,0.137697211,11
Falcons 2014,Falcons,18576474,6980028,17966288,1247246,26480666,71250702,14382019,9969271,7666852,7645545,5342576,45006263,2014,0.375,0,0,133000000,0.139672737,0.052481414,0.135084872,0.009377789,0.199102752,0.108135481,0.074956925,0.057645504,0.057485301,0.040169744,0.338392955,0.535719564,0.125887481,6
Ravens 2014,Ravens,15578427,1891185,6901832,4991340,17657641,47020425,21184683,14137592,5493818,5389608,11857910,58063611,2014,0.625,1,0,133000000,0.11713103,0.014219436,0.051893474,0.037528872,0.132764218,0.159283331,0.106297684,0.041306902,0.040523368,0.089157218,0.436568504,0.35353703,0.209894466,10
Bills 2014,Bills,6126486,11520979,6857046,3098194,19208595,46811300,13808832,23537100,12589051,7300537,12531233,69766753,2014,0.563,0,0,133000000,0.046063805,0.086623902,0.051556737,0.023294692,0.144425526,0.103825805,0.176970677,0.094654519,0.054891256,0.094219797,0.524562053,0.351964662,0.123473286,9
Panthers 2014,Panthers,8743113,11891700,4162200,9273200,16431582,50501795,6505547,26696480,9299071,4944876,1839412,49285386,2014,0.469,1,0,133000000,0.065737692,0.089411278,0.031294737,0.069723308,0.123545729,0.048913887,0.200725414,0.069917827,0.037179519,0.013830165,0.370566812,0.379712744,0.249720444,7
Bears 2014,Bears,19219118,9580845,12299126,7234947,16590321,64924357,4235688,14352349,10686451,4434278,11742197,45450963,2014,0.313,0,0,133000000,0.144504647,0.072036429,0.092474632,0.054398098,0.124739256,0.031847278,0.107912398,0.080349256,0.033340436,0.088287195,0.341736564,0.48815306,0.170110376,5
Bengals 2014,Bengals,10928123,3654864,10856116,8253862,19718975,53411940,16160671,14597786,13702366,6534061,17739200,68734084,2014,0.656,1,0,133000000,0.082166338,0.02748018,0.081624932,0.062059113,0.14826297,0.121508805,0.109757789,0.103025308,0.049128278,0.133377444,0.516797624,0.401593534,0.081608842,10
Browns 2014,Browns,2807980,1529301,10771737,4683350,30648671,50441039,17269848,13935899,7257125,6699334,17398562,62560768,2014,0.438,0,0,133000000,0.021112632,0.011498504,0.080990504,0.035213158,0.230441135,0.129848481,0.104781195,0.05456485,0.050370932,0.130816256,0.470381714,0.379255932,0.150362353,7
Cowboys 2014,Cowboys,12764666,2815945,5655361,9965144,21402763,52603879,5927135,5288895,10078315,4115045,21287488,46696878,2014,0.75,1,0,133000000,0.095974932,0.021172519,0.042521511,0.074925895,0.16092303,0.044564925,0.039766128,0.075776805,0.030940188,0.160056301,0.351104346,0.395517887,0.253377767,12
Broncos 2014,Broncos,18629094,2748063,18771159,3669295,25225932,69043543,7401361,18552790,3982315,7141122,15320403,52397991,2014,0.75,1,0,133000000,0.140068376,0.020662128,0.141136534,0.027588684,0.189668662,0.055649331,0.139494662,0.029942218,0.053692647,0.115191,0.393969857,0.519124383,0.086905759,12
Lions 2014,Lions,17031668,6083043,18606777,5509002,11871158,59101648,27994602,10114648,13479446,5342000,4023173,60953869,2014,0.688,1,0,133000000,0.128057654,0.045737165,0.139900579,0.041421068,0.089256827,0.210485729,0.076049985,0.101349218,0.040165414,0.030249421,0.458299767,0.444373293,0.09732694,11
Texans 2014,Texans,4907663,9457433,19869037,4412445,22861050,61507628,8117519,8070107,8574142,3124451,17795552,45681771,2014,0.563,0,0,133000000,0.036899722,0.071108519,0.149391256,0.033176278,0.171887594,0.061033977,0.060677496,0.064467233,0.023492113,0.133801143,0.343471962,0.462463368,0.194064669,9
Colts 2014,Colts,9779454,4019936,11976863,2894739,16559625,45230617,18595139,16302457,7916347,7474934,15753451,66042328,2014,0.688,1,0,133000000,0.073529729,0.030225083,0.090051602,0.021764955,0.124508459,0.139813075,0.122574865,0.059521406,0.056202511,0.118447,0.496558857,0.340079827,0.163361316,11
Jaguars 2014,Jaguars,9554830,6308882,8703307,10592682,15825958,50985659,11745833,17144223,13828131,2960477,4986002,50664666,2014,0.188,0,0,133000000,0.071840827,0.047435203,0.065438398,0.079644226,0.118992165,0.088314534,0.128903932,0.10397091,0.022259226,0.037488737,0.380937338,0.38335082,0.235711842,3
Chiefs 2014,Chiefs,8786939,11495196,17692219,6165390,12179435,56319179,14297941,16416918,7815650,14822053,8579227,61931789,2014,0.563,0,0,133000000,0.066067211,0.086430045,0.133024203,0.046356316,0.091574699,0.107503316,0.123435474,0.058764286,0.111444008,0.064505466,0.465652549,0.423452474,0.110894977,9
Raiders 2014,Raiders,9471691,6996329,9015614,1400205,17354097,44237936,8198430,14641333,5264934,13433828,11631671,53170196,2014,0.188,0,0,133000000,0.071215722,0.052603977,0.067786571,0.010527857,0.130481932,0.061642331,0.110085211,0.03958597,0.101006226,0.087456173,0.39977591,0.33261606,0.26760803,3
Chargers 2014,Chargers,17856766,8605886,10851816,9315091,19973727,66603286,7275737,12045271,6024227,13044216,6186511,44575962,2014,0.563,0,0,133000000,0.134261398,0.06470591,0.081592602,0.070038278,0.150178398,0.054704789,0.090565947,0.04529494,0.098076812,0.04651512,0.335157609,0.500776586,0.164065805,9
Rams 2014,Rams,19930000,3635133,7489962,8642056,26264010,65961161,12047009,21708707,13272617,4207611,3599498,54835442,2014,0.375,0,0,133000000,0.149849624,0.027331827,0.056315504,0.064977865,0.197473759,0.090579015,0.163223361,0.099794113,0.031636173,0.027063895,0.412296556,0.495948579,0.091754865,6
Dolphins 2014,Dolphins,9024346,5275190,28597229,2453213,19150146,64500124,8558325,16269884,19901899,7286117,12603136,64619361,2014,0.5,0,0,133000000,0.067852226,0.039663083,0.215016759,0.018445211,0.14398606,0.064348308,0.122329955,0.149638338,0.054782835,0.094760421,0.485859857,0.484963338,0.029176805,8
Vikings 2014,Vikings,10278077,13954903,10289462,3870027,24118962,62511431,9823887,16318199,13041933,3934664,7924243,51042926,2014,0.438,0,0,133000000,0.077278774,0.104924083,0.077364376,0.029097947,0.181345579,0.073863812,0.122693226,0.098059647,0.02958394,0.059580774,0.383781398,0.470010759,0.146207842,7
Patriots 2014,Patriots,15446036,4537291,13923556,7369559,15395126,56671568,10516902,5631786,12844605,8593385,15181481,52768159,2014,0.75,1,1,133000000,0.116135609,0.03411497,0.104688391,0.055410218,0.115752827,0.079074451,0.042344256,0.096575977,0.064611917,0.114146474,0.396753075,0.426102015,0.17714491,12
Saints 2014,Saints,19064118,5399617,12178739,6269241,25334966,68246681,8932135,5228215,10041920,9017368,8305918,41525556,2014,0.438,0,0,133000000,0.143339233,0.040598624,0.091569466,0.04713715,0.190488466,0.06715891,0.039309887,0.075503158,0.067799759,0.062450511,0.312222226,0.51313294,0.174644835,7
Giants 2014,Giants,21008400,5120134,12922572,2083825,19002962,60137893,6171260,6942313,14546482,14367378,11998314,54025747,2014,0.375,0,0,133000000,0.157957895,0.038497248,0.097162195,0.015667857,0.142879414,0.046400451,0.052197842,0.109372045,0.108025398,0.090212887,0.406208624,0.452164609,0.141626767,6
Jets 2014,Jets,5402878,6138225,15118083,3321133,27006154,56986473,7501734,7897645,9264790,4571367,7604495,36840031,2014,0.25,0,0,133000000,0.040623143,0.046152068,0.113669797,0.024970925,0.203053789,0.056404015,0.059380789,0.069660075,0.03437118,0.057176654,0.276992714,0.428469722,0.294537564,4
Eagles 2014,Eagles,3772237,16415834,10693053,5720045,29339566,65940735,6088275,17791018,10285319,7603608,13632290,55400510,2014,0.625,0,0,133000000,0.028362684,0.123427323,0.080398895,0.043007857,0.220598241,0.045776504,0.133767053,0.077333226,0.057169985,0.102498421,0.416545188,0.495795,0.087659812,10
Steelers 2014,Steelers,21333138,1669039,7942649,7847766,14731514,53524106,9360367,13428435,15222160,10751868,13352245,62115075,2014,0.688,1,0,133000000,0.160399534,0.012549165,0.059719165,0.059005759,0.110763263,0.070378699,0.100965677,0.114452331,0.080841113,0.10039282,0.467030639,0.402436887,0.130532474,11
49ers 2014,49ers,6114325,8372771,14014025,9364040,22908605,60773766,14858320,9959422,14238165,7042189,7623157,53721253,2014,0.5,0,0,133000000,0.045972368,0.062953165,0.105368609,0.070406316,0.17224515,0.111716692,0.074882872,0.107053872,0.052948789,0.05731697,0.403919195,0.456945609,0.139135195,8
Seahawks 2014,Seahawks,2227438,9949013,6213265,7351109,23339609,49080434,11876832,14437175,11003673,14824595,6488073,58630348,2014,0.75,1,0,133000000,0.016747654,0.074804609,0.046716278,0.055271496,0.175485782,0.089299489,0.108550188,0.082734383,0.11146312,0.048782504,0.440829684,0.36902582,0.190144496,12
Buccaneers 2014,Buccaneers,5512169,3929661,17087432,4133809,20487478,51150549,26581339,14179861,4809468,10665150,12689893,68925711,2014,0.125,0,0,133000000,0.04144488,0.029546323,0.128476932,0.031081271,0.154041188,0.199859692,0.106615496,0.036161414,0.080189098,0.095412729,0.518238429,0.384590594,0.097170977,2
Titans 2014,Titans,6035575,6896110,9394069,8033603,26321377,56680734,14188978,9059903,6628324,14007775,10683260,54568240,2014,0.125,0,0,133000000,0.045380263,0.051850451,0.070632098,0.06040303,0.19790509,0.106684045,0.068119571,0.049837023,0.105321617,0.080325263,0.410287519,0.426170932,0.163541549,2
Commanders 2014,Commanders,7082926,2678257,18448822,3831981,26783400,58825386,22282539,15092287,5082772,3143824,7461353,53062775,2014,0.25,0,0,133000000,0.053255083,0.020137271,0.138712947,0.028811887,0.201378947,0.167537887,0.113475842,0.038216331,0.023637774,0.056100398,0.398968233,0.442296135,0.158735632,4
Packers 2014,Packers,19273750,2878903,9395943,2464445,18882444,52895485,7465236,23761153,11140825,7570989,19240070,69178273,2014,0.75,1,0,133000000,0.144915414,0.021645887,0.070646188,0.018529662,0.141973263,0.056129594,0.178655286,0.083765602,0.056924729,0.14466218,0.520137391,0.397710414,0.082152195,12
Eagles 2013,Eagles,13385137,10203112,19241989,5509036,25664899,74004173,5264666,10241101,10004817,6920158,6032738,38463480,2013,0.625,1,0,123600000,0.108293989,0.08254945,0.155679523,0.044571489,0.207644814,0.042594385,0.082856804,0.080945121,0.055988333,0.04880856,0.311193204,0.598739264,0.090067532,10
Cardinals 2013,Cardinals,6172993,5306754,15022466,4425078,19171690,50098981,20498000,5347625,7964030,2809618,10407900,47027173,2013,0.625,0,0,123600000,0.049943309,0.042934903,0.121540987,0.035801602,0.155110761,0.165841424,0.043265574,0.0644339,0.022731537,0.084206311,0.380478746,0.405331561,0.214189693,10
Falcons 2013,Falcons,10920140,6293062,17406642,6938146,16464048,58022038,9806798,8139270,8433728,7249890,9276181,42905867,2013,0.25,0,0,123600000,0.088350647,0.050914741,0.140830437,0.056133867,0.133204272,0.079343026,0.065851699,0.068234045,0.058656068,0.075050008,0.347134846,0.469433964,0.183431189,4
Seahawks 2013,Seahawks,1557085,10799653,16831423,12778788,27955261,69922210,7701509,25013832,7377232,8579619,3507877,52180069,2013,0.813,1,1,123600000,0.012597775,0.087375833,0.136176561,0.103388252,0.226175251,0.062309943,0.202377282,0.059686343,0.069414393,0.028380882,0.422168843,0.565713673,0.012117484,13
Ravens 2013,Ravens,7381327,7936927,7986810,3966000,16354916,43625980,17275372,19320572,4593000,3813423,10949281,55951648,2013,0.5,0,0,123600000,0.059719474,0.06421462,0.064618204,0.032087379,0.132321327,0.139768382,0.156315307,0.037160194,0.030852937,0.088586416,0.452683236,0.352961003,0.194355761,8
Bills 2013,Bills,4663940,8362867,8979223,4489668,14455361,40951059,16611040,13270000,5414838,10503423,7069748,52869049,2013,0.375,0,0,123600000,0.037734142,0.067660736,0.072647435,0.036324175,0.116952759,0.134393528,0.10736246,0.043809369,0.08497915,0.057198608,0.427743115,0.331319248,0.240937638,6
Titans 2013,Titans,6336958,15376098,12686896,6979500,26721984,68101436,6496528,8776293,5740835,10777066,9602477,41393199,2013,0.438,0,0,123600000,0.051269887,0.124402087,0.10264479,0.056468447,0.216197282,0.052560906,0.071005607,0.046446885,0.087193091,0.077689943,0.334896432,0.550982492,0.114121076,7
Panthers 2013,Panthers,7579454,9290450,11041036,4325000,18981126,51217066,5096152,11629844,12335911,6639853,3244456,38946216,2013,0.75,1,0,123600000,0.061322443,0.075165453,0.08932877,0.034991909,0.153568981,0.041231003,0.094092589,0.099805105,0.053720494,0.026249644,0.315098835,0.414377557,0.270523608,12
Bears 2013,Bears,11276471,12036166,16580067,2495000,10071052,52458756,10999363,18744765,12510915,3802254,15375000,61432297,2013,0.5,0,0,123600000,0.091233584,0.097379984,0.134142937,0.020186084,0.081481003,0.08899161,0.151656675,0.101220995,0.030762573,0.124393204,0.497025057,0.424423592,0.078551351,8
Broncos 2013,Broncos,18716295,5070632,10120554,8013902,25550424,67471807,6880138,10234767,8030669,5894346,17559225,48599145,2013,0.813,1,0,123600000,0.151426335,0.041024531,0.081881505,0.064837395,0.206718641,0.055664547,0.082805558,0.06497305,0.047688883,0.142064927,0.393196966,0.545888406,0.060914628,13
Bengals 2013,Bengals,2881583,5750703,8730272,5005166,22390147,44757871,13979869,24778885,8370673,5834061,16118302,69081790,2013,0.688,1,0,123600000,0.023313778,0.046526723,0.070633269,0.040494871,0.181150057,0.113105736,0.200476416,0.067723892,0.047201141,0.130406974,0.558914159,0.362118697,0.078967144,11
Browns 2013,Browns,4171299,2200883,5666354,2620527,23789034,38448097,19697955,14276906,7765000,2500318,10928931,55169110,2013,0.25,0,0,123600000,0.033748374,0.017806497,0.045844288,0.021201675,0.192467913,0.159368568,0.115508948,0.062823625,0.02022911,0.088421772,0.446352023,0.311068746,0.242579231,4
Giants 2013,Giants,21998400,5036739,8677626,2998913,24235900,62947578,5118995,9523813,7916847,12704990,11202110,46466755,2013,0.438,0,0,123600000,0.177980583,0.040750316,0.07020733,0.02426305,0.196083333,0.041415817,0.077053503,0.06405216,0.102791181,0.090631958,0.37594462,0.509284612,0.114770769,7
Cowboys 2013,Cowboys,13818982,2257011,8120768,5623758,19470710,49291229,4133225,20864805,7285429,3626564,12623808,48533831,2013,0.5,0,0,123600000,0.111804061,0.018260607,0.065702006,0.04549966,0.157530016,0.033440332,0.168809102,0.0589436,0.029341133,0.102134369,0.392668536,0.398796351,0.208535113,8
Texans 2013,Texans,11756250,10825134,14247672,6948519,18690874,62468449,15386734,3770636,7593313,7816547,16655776,51223006,2013,0.125,0,0,123600000,0.095115291,0.08758199,0.115272427,0.056217791,0.151220663,0.124488139,0.030506764,0.061434571,0.063240672,0.134755469,0.414425615,0.505408163,0.080166222,2
Lions 2013,Lions,21556666,3987009,15383546,4207277,12601451,57735949,14671559,7814297,10468126,4758334,6133807,43846123,2013,0.438,0,0,123600000,0.174406683,0.032257354,0.124462346,0.034039458,0.101953487,0.118701934,0.063222468,0.084693576,0.038497848,0.04962627,0.354742095,0.467119328,0.178138576,7
Saints 2013,Saints,18193235,9159749,11679433,3245951,18150025,60428393,6485380,14326594,11034166,9960582,11598369,53405091,2013,0.688,1,0,123600000,0.147194458,0.074108002,0.094493794,0.026261739,0.146844862,0.052470712,0.115910955,0.089273188,0.080587233,0.093837937,0.432080024,0.488902856,0.07901712,11
Colts 2013,Colts,8626545,7195732,11908481,2615661,18601449,48947868,13140390,16498650,4492779,13323235,9596407,57051461,2013,0.688,1,0,123600000,0.069794053,0.058217896,0.096346934,0.021162306,0.15049716,0.106313835,0.133484223,0.036349345,0.107793163,0.077640833,0.4615814,0.39601835,0.142400251,11
Jaguars 2013,Jaguars,8347588,9012941,6832868,7160882,14812080,46166359,4612010,9323215,13544999,2631626,3572072,33683922,2013,0.25,0,0,123600000,0.06753712,0.072920235,0.055282104,0.057935939,0.119838835,0.037313997,0.075430542,0.109587371,0.021291472,0.028900259,0.272523641,0.373514231,0.353962128,4
Vikings 2013,Vikings,8470554,15752460,10378281,4582245,20329032,59512572,11556066,24552100,13577945,5691438,4206849,59584398,2013,0.344,0,0,123600000,0.06853199,0.127447087,0.083966675,0.03707318,0.164474369,0.09349568,0.198641586,0.109853924,0.046047233,0.034035995,0.482074417,0.481493301,0.036432282,5
Chiefs 2013,Chiefs,10708333,5379755,8668150,3435650,20708982,48900870,13759289,17451636,5081500,13251425,13096878,62640728,2013,0.688,1,0,123600000,0.086636998,0.043525526,0.070130663,0.027796521,0.167548398,0.111321108,0.141194466,0.04111246,0.107212176,0.105961796,0.506802006,0.395638107,0.097559887,11
Raiders 2013,Raiders,1146517,11735884,4609651,1496363,10275023,29263438,5163512,2078750,6548030,6752294,6782330,27324916,2013,0.25,0,0,123600000,0.009276028,0.094950518,0.037294911,0.012106497,0.083131254,0.041775987,0.016818366,0.052977589,0.05463021,0.05487322,0.221075372,0.236759207,0.542165421,4
Chargers 2013,Chargers,15996516,5201250,10926398,8795715,17428226,58348105,6241425,13838120,4555052,11490435,4839588,40964620,2013,0.563,1,0,123600000,0.12942165,0.042081311,0.088401278,0.071162743,0.141005065,0.050496966,0.1119589,0.036853172,0.092964684,0.039155243,0.331428964,0.472072047,0.196498989,9
Rams 2013,Rams,13705176,2637944,5479738,6217555,19240160,47280573,9376091,13967275,15711252,3645196,17453159,60152973,2013,0.438,0,0,123600000,0.110883301,0.021342589,0.04433445,0.050303843,0.155664725,0.075858341,0.113003843,0.127113689,0.029491877,0.141206788,0.486674539,0.382528908,0.130796553,7
Dolphins 2013,Dolphins,5859205,2412352,8242874,6007127,17575011,40096569,15944118,11848139,9006508,5027138,13351955,55177858,2013,0.5,0,0,123600000,0.047404571,0.019517411,0.066689919,0.048601351,0.142192646,0.128997718,0.09585873,0.072868188,0.040672638,0.108025526,0.446422799,0.324405898,0.229171303,8
49ers 2013,49ers,2897535,9182062,16963177,10569598,17581156,57193528,11028483,10194288,7666512,10696955,13185741,52771979,2013,0.75,1,0,123600000,0.02344284,0.074288528,0.137242532,0.085514547,0.142242362,0.089227209,0.082478058,0.062026796,0.086544943,0.106680752,0.426957759,0.462730809,0.110311432,12
Jets 2013,Jets,14759018,4154535,12811933,2593765,20679882,54999133,5447833,4476989,15203295,3028114,13025418,41181649,2013,0.5,0,0,123600000,0.119409531,0.033612743,0.103656416,0.020985154,0.167312961,0.044076319,0.036221594,0.123004005,0.024499304,0.105383641,0.333184862,0.444976804,0.221838333,8
Patriots 2013,Patriots,14603953,3682367,8749814,4150882,22775490,53962506,15169500,6420702,10801171,7386653,8618787,48396813,2013,0.75,1,0,123600000,0.11815496,0.029792613,0.070791375,0.033583188,0.184267718,0.122730583,0.051947427,0.087388115,0.059762565,0.069731286,0.391559976,0.436589854,0.17185017,12
Packers 2013,Packers,13013000,2429420,10223980,11341695,17211503,54219598,15831195,12650974,9100786,4969273,13957143,56509371,2013,0.531,1,0,123600000,0.105283172,0.019655502,0.082718285,0.091761286,0.139251642,0.128084102,0.102354159,0.073630955,0.040204474,0.112921869,0.457195558,0.438669887,0.104134555,8
Steelers 2013,Steelers,15393138,2549641,8799844,9207474,10836255,46786352,12586770,12823812,9155304,16480395,11069889,62116170,2013,0.5,0,0,123600000,0.124539951,0.020628163,0.071196149,0.074494126,0.087671966,0.101834709,0.103752524,0.074072039,0.133336529,0.089562209,0.50255801,0.378530356,0.118911634,8
Commanders 2013,Commanders,5972967,2212882,19735321,4645357,20025614,52592141,14227749,9152416,10476684,4619719,7102431,45578999,2013,0.188,0,0,123600000,0.048324976,0.017903576,0.159670882,0.037583794,0.162019531,0.115111238,0.074048673,0.084762816,0.037376367,0.057463034,0.368762128,0.425502759,0.205735113,3
Buccaneers 2013,Buccaneers,1184375,4644753,13444505,2393504,25305673,46972810,14773893,5032152,5804388,13033579,19521921,58165933,2013,0.25,0,0,123600000,0.009582322,0.037578908,0.108774312,0.019364919,0.204738455,0.119529879,0.040713204,0.046961068,0.105449668,0.157944345,0.470598163,0.380038916,0.149362921,4
